labels,sensor1_integral_value,sensor1_max_gradient,sensor1_ mean_gradient,sensor1_variance_value,sensor1_wavelt_energy,sensor1_RSAV,sensor2_integral_value,sensor2_max_gradient,sensor2_ mean_gradient,sensor2_variance_value,sensor2_wavelt_energy,sensor2_RSAV,sensor3_integral_value,sensor3_max_gradient,sensor3_ mean_gradient,sensor3_variance_value,sensor3_wavelt_energy,sensor3_RSAV,sensor4_integral_value,sensor4_max_gradient,sensor4_ mean_gradient,sensor4_variance_value,sensor4_wavelt_energy,sensor4_RSAV,sensor5_integral_value,sensor5_max_gradient,sensor5_ mean_gradient,sensor5_variance_value,sensor5_wavelt_energy,sensor5_RSAV,sensor6_integral_value,sensor6_max_gradient,sensor6_ mean_gradient,sensor6_variance_value,sensor6_wavelt_energy,sensor6_RSAV,sensor7_integral_value,sensor7_max_gradient,sensor7_ mean_gradient,sensor7_variance_value,sensor7_wavelt_energy,sensor7_RSAV,sensor8_integral_value,sensor8_max_gradient,sensor8_ mean_gradient,sensor8_variance_value,sensor8_wavelt_energy,sensor8_RSAV
0,35.29002461,0.43534922,0,105.5081122,34.60033718,35.86666667,0,134.2621174,1.020976379,0.008993277,0,2.23425656,1.040462307,0,0,1.542779794,0.04578109,6.42E-05,0,0.172150614,0.053421315,0,0,0.263531068,2.695276852,0.001873769,0,215.2891169,7.74983415,0,0,538.1522255,13132.64138,2.047051747,0,123681.2646,12792.90379,13500,0,206863.9467,20,0.195701992,0,63.56284303,20,20,0,95.95773642
0,35.53085641,0.359047976,0,74.5340504,35.21952992,35.86666667,0,119.2577779,0.913000535,0.004343428,0,0.752504909,0.694600464,0,0,0.665615517,0.034511546,-0.000275668,0,0.095698794,0.036902007,0,0,0.13940609,1.169127762,0.000786595,0,63.11929242,2.537843578,0,0,197.1358737,13267.45506,1.381409735,0,60281.83053,13080.69756,13500,0,155738.2654,20,0.216513492,0,42.55715635,20,20,0,77.80050314
0,35.58970294,0.484170465,0,237.468715,35.37044218,35.86666667,0,310.5062127,0.957163682,0.011932528,0,4.019131909,0.817052419,0,0,2.670643184,0.032279771,0.000223375,0,0.429108804,0.034829701,0,0,0.692979226,0.911524839,0.001620193,0,1091.47005,1.882909412,0,0,3374.29448,13304.17081,2.515570884,0,626500.7556,13171.44477,13500,0,1123319.916,20,0.289490714,0,138.8511319,20,20,0,222.4376178
0,35.60167694,0.558366653,0,172.0857568,35.28010353,35.86666667,0,248.4536701,0.892119355,0.009769739,0,2.413788897,0.818391147,0,0,2.006396144,0.03060137,8.43E-05,0,0.297376104,0.036211367,0,0,0.463800467,0.818626855,0.001928469,0,561.1644568,2.356682438,0,0,1619.859807,13311.0597,3.335704451,0,328675.8126,13119.5031,13500,0,701214.1485,20,0.304755899,0,100.9606931,20,20,0,171.2077546
0,35.52834428,0.464252613,0,210.5135987,35.26397243,35.86666667,0,299.8942917,0.951439876,0.008499435,0,2.922029512,0.826155768,0,0,5.288897483,0.035093898,1.60E-05,0,0.380856103,0.037316682,0,0,0.635837471,1.217736422,0.00137309,0,1053.815867,2.476826026,0,0,4383.992892,13266.79837,2.307056847,0,498998.5595,13110.98051,13500,0,1089669.768,20,0.223693431,0,129.565415,20,20,0,232.8726034
0,34.48619877,0.440663097,0,223.8277771,34.43098596,35.86666667,0,303.4406473,1.062527518,0.006589516,0,4.020762182,0.898747546,0,0,1.998750521,0.042287076,0.000303092,0,0.408553711,0.034845545,0,0,0.657737737,7.446844813,0.001322533,0,1717.479324,6.637376045,0,0,3964.70807,12707.2006,2.084747369,0,581820.5245,12644.99511,13500,0,1098075.224,20,0.288807145,0,135.651821,20,20,0,223.5906317
0,35.3543462,0.409738541,0,160.9635292,35.15360435,35.86666667,0,239.6922495,0.997691438,0.008228714,0,2.351535075,0.764160766,0,0,1.374100077,0.040696943,0.000340995,0,0.265333503,0.035777189,0,0,0.428182261,2.238962536,0.001190692,0,461.75885,2.904078769,0,0,1329.840546,13167.93313,1.803236732,0,286572.7248,13044.78132,13500,0,646698.7183,20,0.275006976,0,93.47416217,20,20,0,163.6005538
0,35.55483261,0.500342417,0,141.8669388,35.44513492,35.86666667,0,213.37463,0.699494258,0.008523234,0,2.004096507,0.762625692,0,0,1.328970072,0.02796921,7.70E-05,0,0.222526119,0.029569734,0,0,0.354888505,0.905928525,0.001843909,0,278.251646,1.407550235,0,0,863.8958568,13280.29899,2.690183664,0,219940.9607,13213.9874,13500,0,506069.5465,20,0.280156323,0,81.06521595,20,20,0,141.7586871
0,35.61041949,0.526005176,0,186.9143467,35.46269743,35.86666667,0,263.4213479,0.88728506,0.005819004,0,2.566784673,0.73754983,0,0,1.947045874,0.029940325,0.000497665,0,0.321377468,0.030881908,0,0,0.49811917,0.781495697,0.000712449,0,677.6193588,1.339606298,0,0,2328.123234,13316.73397,2.926278687,0,388265.7991,13224.23061,13500,0,805151.4855,20,0.3190303,0,105.9867232,20,20,0,178.258535
0,35.42601914,0.443719323,0,110.7541753,35.31193824,35.86666667,0,176.1325333,0.790819301,0.012661391,0,1.750782412,0.62517106,0,0,1.283453323,0.031643715,0.000335211,0,0.157275628,0.027226266,0,0,0.263164709,1.547755037,0.002096003,0,159.6554262,1.76329684,0,0,453.5415919,13203.3165,2.137073787,0,133756.3306,13128.52158,13500,0,340319.4097,20,0.274449613,0,62.69204314,20,20,0,113.4183116
0,34.78342034,0.329979294,0,63.19278993,34.13317096,35.86666667,0,91.0326957,1.108017493,0.006500268,0,0.998976617,0.898887368,0,0,0.93880526,0.05149358,-0.000117136,0,0.099256571,0.055687445,0,0,0.131116224,6.479343537,0.000319662,0,68.7990956,11.06737373,0,0,143.2977508,12884.02881,1.152875552,0,44096.29161,12567.46323,13500,0,91652.64859,20,0.182988895,0,35.52718192,20,20,0,58.00379369
0,35.41599413,0.348644771,0,130.4539525,35.17316402,35.86666667,0,194.9266661,1.058669007,0.005399536,0,1.708237639,0.885172845,0,0,1.403819837,0.041336095,0.000212643,0,0.213635137,0.04038735,0,0,0.352089077,1.946281417,0.000717341,0,260.0649007,3.113465787,0,0,850.4959613,13203.60358,1.301749327,0,186803.0523,13063.42575,13500,0,426719.6126,20,0.214436473,0,74.99361064,20,20,0,131.765749
0,35.16288388,0.368011146,0,130.3620515,34.96156574,35.86666667,0,194.5218833,1.078862974,0.005726781,0,1.735208544,0.886853692,0,0,1.18542869,0.042902836,0.000239649,0,0.204197303,0.038267113,0,0,0.34899667,3.488623878,0.000290242,0,325.9338663,4.223296934,0,0,1006.162095,13066.66032,1.432923822,0,188768.608,12946.28662,13500,0,430363.6252,20,0.217328209,0,76.21791683,20,20,0,137.4015983
0,35.40321787,0.429898772,0,193.5177766,35.13475106,35.86666667,0,268.2571936,1.077559945,0.008811805,0,3.142568573,0.957255905,0,0,2.213809722,0.042115025,0.000322408,0,0.358443131,0.04211389,0,0,0.598573125,2.047431423,0.002039814,0,732.8665498,3.48031166,0,0,2431.618412,13197.00284,2.009419112,0,416425.2671,13046.32866,13500,0,835865.3152,20,0.276127988,0,119.5839744,20,20,0,203.5779433
0,35.12446586,0.656441562,0,302.9187755,34.98354214,35.86666667,0,392.252872,1.048738621,0.008541084,0,4.309609091,0.835860058,0,0,2.439311001,0.04075967,0.000611903,0,0.638033888,0.034773287,0,0,0.977012664,3.61019335,0.002268093,0,2747.641928,3.799339823,0,0,8405.970904,13043.63231,4.59387923,0,1052543.952,12950.42482,13500,0,1895113.515,20,0.366430067,0,194.1559495,20,20,0,304.5384393
0,35.03909379,0.311128895,0,70.00647944,34.91632808,35.86666667,0,132.5679651,0.727199976,0.006411019,0,0.597364193,0.548512525,0,0,0.344410067,0.028358345,5.06E-05,0,0.074936876,0.025710363,0,0,0.104239525,3.14129633,0.001051252,0,48.7829427,3.091571165,0,0,111.9163133,12972.59017,1.053669044,0,52964.6706,12883.40398,13500,0,188100.9725,20,0.196417572,0,41.18900089,20,20,0,85.29357989
0,35.37648819,0.409562762,0,158.5949851,35.12523631,35.86666667,0,228.4266488,1.052106265,0.007181532,0,2.480820491,0.964607009,0,0,1.269887547,0.043238212,0.000423919,0,0.271846596,0.042883829,0,0,0.436079323,2.193239083,0.00144413,0,447.2354721,3.569281292,0,0,1407.887236,13181.4129,1.810869971,0,278165.6332,13041.88191,13500,0,594037.7726,20,0.283441172,0,91.76165774,20,20,0,158.4866458
0,35.51978237,0.348143274,0,177.4322245,35.25727383,35.86666667,0,257.1679134,1.124293449,0.00483727,0,2.671568394,0.894047123,0,0,1.685012197,0.039206514,0.000261355,0,0.298259389,0.040502282,0,0,0.482665292,1.373156398,0.001162186,0,551.9248996,2.666025902,0,0,1748.341171,13263.16661,1.31347316,0,347865.7323,13110.5235,13500,0,751674.5585,20,0.233409202,0,101.2078441,20,20,0,176.6506327
0,35.57061244,0.501714226,0,255.9892948,35.34611108,35.86666667,0,340.5038774,1.041417267,0.008392337,0,3.664244065,0.831037663,0,0,1.823317665,0.034962108,0.000480201,0,0.494898609,0.036089482,0,0,0.763739535,1.052373105,0.000566427,0,1467.364903,2.040028966,0,0,4857.890801,13292.99614,2.660054948,0,734908.0429,13157.92056,13500,0,1378287.919,20,0.301373841,0,156.4425211,20,20,0,254.0887248
0,35.38964648,0.490336606,0,275.5932685,35.16087785,35.86666667,0,370.8526753,1.023496162,0.006649015,0,4.013518177,0.85210329,0,0,2.226245017,0.040939291,0.000550763,0,0.534499999,0.037961542,0,0,0.820452567,2.06633268,0.000933646,0,1907.589825,3.053673364,0,0,5796.273549,13188.25,2.554571367,0,858691.4566,13053.78554,13500,0,1636041.193,20,0.307952421,0,167.2182095,20,20,0,274.6212301
0,34.51140596,0.330641181,0,104.2498616,34.35887723,35.86666667,0,173.6602604,0.973519962,0.0075891,0,1.712557268,0.720681859,0,0,0.871690367,0.046876985,-3.60E-05,0,0.162417115,0.036850552,0,0,0.198357276,7.593192294,0.000987091,0,272.7715504,6.743159879,0,0,609.5046633,12727.50633,1.182784252,0,122948.6931,12595.54556,13500,0,336670.6687,20,0.203297,0,64.54174552,20,20,0,118.4612967
0,35.09747615,0.27869124,0,77.97830688,34.5588858,35.86666667,0,108.6966607,1.115639317,0.007184506,0,1.29817338,1.070268341,0,0,1.217290415,0.052040034,-7.77E-05,0,0.135753698,0.057038139,0,0,0.190286785,4.250753246,0.0006711,0,110.4969693,8.425525101,0,0,288.4527709,13038.81733,0.838368756,0,67308.03612,12783.33385,13500,0,133472.1614,20,0.172512794,0,45.23908281,20,20,0,74.6625333
0,35.31221687,0.326091152,0,131.9030729,35.02721158,35.86666667,0,184.8522532,1.135184744,0.008541084,0,1.69423157,0.916255132,0,0,1.184357708,0.04621129,-0.000105941,0,0.268679529,0.043594214,0,0,0.37469033,2.713047846,0.000798257,0,400.833608,4.111282665,0,0,1197.653028,13149.254,1.145320421,0,195636.4657,12987.67906,13500,0,398646.0497,20,0.173938927,0,87.51075843,20,20,0,143.6980098
0,35.31721672,0.464696258,0.006666667,179.6479165,34.81166923,35.84952601,0,183.9602104,1.298271554,0.011010293,0.011156066,2.31850122,1.341622538,0.099059916,0,1.502855953,0.05089827,0.000395845,2.89E-20,0.401769038,0.06004728,0.002637162,0,0.519027455,2.905855793,0.002104587,0.00021704,916.0708954,7.13514657,0.004588714,0,2013.775697,13156.49199,2.329745156,0.007760926,368521.7534,12921.38537,13485.89338,0,422438.345,20,0.218682608,0,120.9798555,20,20,0,152.0464134
0,35.32907414,0.176327919,0,199.0242412,34.76400272,35.83207217,0,220.5517677,1.439914916,0.005905278,0,2.763378354,1.369964896,0.219825073,0,1.346462783,0.054046925,0.000210098,0,0.417034701,0.062952297,0.005442618,0,0.581315876,2.998140656,0.000131707,0,1122.71262,7.733154879,0.018711439,0,3026.762164,13166.30832,0.331139493,0,452099.8925,12905.03392,13471.77762,0,611471.1988,20,0.101626167,0,125.6577456,20,20,0,177.4162392
0,35.35007981,0.315293806,0,224.974211,34.88436152,35.85018229,0,259.7058204,1.242634022,0.008541084,0,3.334842625,1.1560451,0.082379366,0,1.362676266,0.048046206,0.000299478,0,0.461657334,0.053098356,0.002347137,0,0.637639079,2.598452209,0.000647917,0,1380.228934,5.871543844,0.003954927,0,3525.640649,13172.32472,1.064458251,0,575857.269,12936.36233,13486.496,0,825246.1827,20,0.189001313,0,138.5545961,20,20,0,199.4309405
0,35.33838609,0.202993257,0,159.9436615,34.91484875,35.84798415,0,209.2761236,1.162176474,0.008550009,0,2.105411436,1.048911168,0.08514607,0,1.911197715,0.047144642,-8.49E-05,0,0.309661495,0.051391219,0.002540983,0,0.489413472,2.582283844,0.00088674,0,661.6989265,5.400312141,0.004789022,0,2307.522057,13163.74362,0.464343691,0,289873.7864,12943.94163,13484.75742,0,536702.8259,20,0.12482232,0,105.6194575,20,20,0,175.6755745
0,35.39522064,0.224644612,0,138.6236258,35.08547706,35.8572402,0,177.1866,0.972368656,0.004507051,0,1.706553817,0.846147439,0.041348843,0,1.317308264,0.039519149,-0.000185053,0,0.258847471,0.038681976,0.00120805,0,0.354008912,1.967447011,0.001497585,0,419.0905044,3.48052499,0.001210226,0,1092.686502,13189.9473,0.581168932,0,215214.5173,13012.16989,13492.29793,0,365748.7115,20,0.108734456,0,83.81860266,20,20,0,122.7361629
0,35.0577126,0.100333333,0,83.87048113,34.61104938,35.83453968,0,115.7529208,1.080380199,0.008425061,0,0.987061938,0.852299637,0.105206164,0,0.449455584,0.050882899,-0.00037037,0,0.138954459,0.047981716,0.003592771,0,0.19250665,4.447017327,0.002597498,0,126.2032502,6.819761606,0.011992063,0,346.697728,13016.91149,0.194300732,0,77872.83415,12772.88876,13474.24483,0,152130.6844,20,0.064779766,0,51.29561031,20,20,0,82.40202146
0,35.57861143,0.415860356,0,177.2136851,35.39113032,35.86399738,0,233.7342962,0.843148688,0.009478194,0,2.422172309,0.767686083,0.039953591,0,1.227434997,0.029765651,-0.00035976,0,0.289805559,0.032887058,0.000643989,0,0.47285754,0.893895718,0.003086396,0,637.0323152,1.70929613,0.000174686,0,1803.334831,13296.647,1.919639245,0,349900.3214,13182.13413,13497.69363,0,632918.626,20,0.2,0,101.3374624,20,20,0,164.8033951
0,35.53274366,0.447408024,0,319.0004549,35.2073401,35.84499572,0,431.776817,1.201041233,0.017082168,0,5.010061284,1.048351877,0.100249896,0,4.096804903,0.039991813,1.72E-05,0,0.695132418,0.04586246,0.002970643,0,1.159859979,1.357424539,0.003984475,0,2331.249509,3.274662798,0.006531825,0,13195.75523,13271.81021,2.232003582,0,1143114.511,13090.74642,13482.3397,0,2397378.977,20,0.201643681,0,200,20,20,0,358.6320639
0,35.47885454,0.259652645,0,151.3995432,35.23558184,35.86666667,0,204.4337151,0.96635033,0.006589516,0,1.820542036,0.764125067,0,0,0.65695841,0.036357316,-0.000373522,0,0.309194141,0.034634489,0,0,0.421047888,1.484291722,0.002195853,0,502.4817067,2.471017811,0,0,1366.320415,13237.9175,0.781676398,0,256882.3177,13091.36447,13500,0,484249.1181,20,0.105633216,0,101.1016927,20,20,0,156.6827764
0,35.33455308,0.271120664,0,157.7538838,34.97047074,35.86666667,0,203.6928667,1.03360802,0.00876718,0,2.719890522,1.159870887,0,0,1.669750699,0.044429448,0.000201184,0,0.283842028,0.051341064,0,0,0.442676332,2.447752158,0.00137114,0,473.071083,5.188605193,0,0,1378.082404,13158.12012,0.820419257,0,276185.0618,12977.39724,13500,0,480930.4625,20,0.195140522,0,90.96907425,20,20,0,143.7168844
0,35.2593182,0.192188691,0,70.7050002,34.9137719,35.86666667,0,113.6017025,0.853748438,0.005191289,0,0.60694056,0.698075207,0,0,0.538525614,0.04116866,-0.00029712,0,0.088960034,0.038672511,0,0,0.153614455,2.617987179,0.001452108,0,57.84065256,4.168907981,0,0,174.5502801,13110.12084,0.437291993,0,54295.38008,12909.67312,13500,0,141217.9323,20,0.098066533,0,41.88850135,20,20,0,77.24540915
0,35.60412969,0.792462407,0,197.1904747,35.29760445,35.86666667,0,271.6896244,0.612238948,0.009861962,0,3.919598977,0.651799845,0,0,3.008567859,0.021067809,0.000135096,0,0.347822975,0.029821349,0,0,0.534820588,0.630016059,0.00241527,0,877.2857603,1.93686831,0,0,2449.464586,13311.60741,6.668677003,0,436202.1973,13122.16071,13500,0,855602.5935,20,0.414452312,0,114.7880285,20,20,0,190.7955622
0,35.45904151,0.414031138,0,246.0196402,35.17398128,35.86666667,0,315.194351,1.121294699,0.005920152,0,3.976527637,1.099928601,0,0,4.841732611,0.041876919,0.000228234,0,0.488213817,0.046353768,0,0,0.760528021,1.747123212,0.0008765,0,1373.349814,3.552165717,0,0,4632.051625,13228.70263,1.830611867,0,679228.8053,13075.06313,13500,0,1196451.491,20,0.256405488,0,151.2114503,20,20,0,236.9922383
0,35.53597894,0.426832352,0,228.7712908,35.31833984,35.86666667,0,304.2912382,1.005283513,0.007957994,0,3.453685964,0.936838817,0,0,2.439281252,0.036108323,9.87E-05,0,0.425483903,0.039774477,0,0,0.718095304,1.213512252,0.000695706,0,1160.1209,2.358538787,0,0,3968.596703,13271.7888,1.934383747,0,586388.9514,13145.80405,13500,0,1103563.513,20,0.242531071,0,143.2348893,20,20,0,234.4512967
0,35.59748101,0.463741992,0,181.4948152,35.42953775,35.86666667,0,257.6832286,0.814583209,0.008541084,0,2.594633189,0.725709526,0,0,2.707086333,0.029284767,1.91E-05,0,0.30609292,0.031401797,0,0,0.488001252,0.803789472,0.000540843,0,656.4593726,1.480443434,0,0,1955.227046,13308.14084,2.276734931,0,366631.2859,13203.9595,13500,0,761343.4081,20,0.267942599,0,103.6680944,20,20,0,175.670885
0,35.40970726,0.473528411,0,88.93440372,35.10846451,35.86666667,0,144.5874302,0.825087761,0.008341762,0,1.529621586,0.756830487,0,0,1.232284167,0.035403888,0.000131658,0,0.122026625,0.036026292,0,0,0.18444883,1.717684168,0.00186136,0,93.79626643,3.110500286,0,0,187.6414155,13194.83019,2.417989854,0,85922.18776,13018.41566,13500,0,225365.9098,20,0.292114453,0,49.14564186,20,20,0,90.57562619
0,35.46865711,0.470221475,0,109.5953728,35.04543165,35.86666667,0,166.6445983,0.90392991,0.008541084,0,1.713604451,0.850806212,0,0,1.749181888,0.035690189,-0.000154984,0,0.165046145,0.038964827,0,0,0.232419362,1.490881029,0.003288396,0,190.2182313,3.708149539,0,0,461.1135935,13230.96328,2.432593148,0,132076.3995,12990.27001,13500,0,306402.0084,20,0.274051054,0,61.85912711,20,20,0,106.2324543
1,35.86290823,0.723282898,0,161.5539053,35.86666667,35.86666667,0,234.7780403,0.008793955,0.005203189,0,2.131382757,0,0,0,2.729576962,0.000211993,-0.003969003,0,0.198553965,0,0,0,0.242718202,0.000115226,0.063845737,0,254.5966969,0,0,0,154.8954726,13497.03264,7.66163278,0,281802.6482,13500,13500,0,582798.1746,20,0.182207531,0,92.19641263,20,20,0,136.0301392
1,34.43527391,0.299911624,0,166.8517685,34.17562615,35.86666667,0,223.5685804,1.151210805,0.008541084,0,2.268635093,1.002365086,0,0,1.077913964,0.050556878,5.93E-05,0,0.341897093,0.044943377,0,0,0.530085017,8.858067764,0.00058391,0,911.4396042,9.465842396,0,0,2472.437887,12712.73308,0.963017368,0,322021.905,12550.71003,13500,0,607125.0068,20,0.156575102,0,109.761638,20,20,0,175.1364748
1,35.313934,0.225434422,0,117.8415762,34.97635561,35.86666667,0,179.81071,1.116302731,0.005872553,0,1.435949307,0.926004046,0,0,1.548521449,0.046249193,6.76E-05,0,0.190401795,0.043812433,0,0,0.307671958,2.674241763,0.000369027,0,280.4361963,4.451027826,0,0,991.2404669,13149.23957,0.547057055,0,154750.4929,12961.6217,13500,0,372136.2287,20,0.13066504,0,68.70436966,20,20,0,123.9640819
1,35.11623702,0.162003471,0,67.62891746,34.60597668,35.86666667,0,111.0037615,1.083262926,0.008326888,0,0.619099185,0.784131612,0,0,0.36544297,0.05071249,-9.47E-05,0,0.107569377,0.050398137,0,0,0.14736816,4.03917801,0.000617752,0,62.24668163,6.91617744,0,0,208.0671874,13046.36092,0.298053865,0,49986.5556,12771.02121,13500,0,136181.9131,20,0.09468657,0,41.51621399,20,20,0,76.19907953
1,35.47698971,0.673883779,0,311.6460625,35.23462557,35.86666667,0,403.0212699,1.069349081,0.026527637,0,5.147715238,0.900984709,0,0,3.112631642,0.038773351,0.000294234,0,0.621601394,0.03797527,0,0,0.981242494,1.586153129,0.006731605,0,2277.611605,2.728097199,0,0,7893.732505,13238.47469,4.981116931,0,1092565.399,13097.18437,13500,0,1966677.433,20,0.311199307,0,189.5362777,20,20,0,295.7394404
1,35.23430862,0.174551734,0,72.64983313,34.92657012,35.86666667,0,125.0120749,0.898104956,0.007957994,0,0.867224966,0.728503005,0,0,0.408282263,0.040147293,-0.000249312,0,0.091312361,0.035893488,0,0,0.141064129,2.782537722,0.000585596,0,55.94598055,4.013440155,0,0,174.2051421,13097.56929,0.339933461,0,57154.15489,12915.33415,13500,0,169735.326,20,0.086595458,0,42.6722065,20,20,0,81.91451751
1,35.20307947,0.327893497,0,111.5165672,34.83820341,35.86666667,0,160.5505282,1.210644374,0.006589516,0,1.509558517,1.002287737,0,0,2.49396085,0.051657147,6.41E-05,0,0.184644769,0.049541637,0,0,0.318965863,3.633217008,0.000750381,0,280.5014049,5.746859977,0,0,1069.910163,13096.05825,1.15039939,0,139545.3315,12900.75372,13500,0,306140.3845,20,0.18715676,0,70.11350049,20,20,0,120.6516643
1,35.15868152,0.268060253,0,77.55761794,34.65301055,35.86666667,0,122.2519684,1.165838639,0.008481585,0,1.016201583,1.020271316,0,0,0.604182781,0.052973309,0.00015537,0,0.12568014,0.053305126,0,0,0.195808625,3.926400806,0.000844634,0,87.93314211,7.313994249,0,0,255.9872579,13072.43728,0.783400768,0,65919.41861,12816.46733,13500,0,165252.743,20,0.143721387,0,45.06399949,20,20,0,81.7648934
1,35.86613066,0.33775885,0,224.7883433,35.79271375,35.86666667,0,333.3984544,0.031879574,0.007642649,0,3.281379782,0.472249658,0,0,1.95939192,0.000288702,0.000102085,0,0.379129463,0.010771559,0,0,0.602337761,1.82E-05,0.000324558,0,889.7615177,0.072971862,0,0,3072.678375,13499.47191,1.209395241,0,558574.372,13441.16213,13500,0,1267845.731,20,0.19891033,0,133.071345,20,20,0,232.3178672
1,34.78427768,0.614937863,0,325.2999984,34.50883332,35.86666667,0,602.9031566,1.409510918,0.015395371,0,7.217674183,1.280154102,0,0,5.768221574,0.061577462,0.000749489,0,0.70877096,0.055845448,0,0,1.72944375,7.551318121,0.00339992,0,2543.992549,9.090030667,0,0,26861.70084,12914.47217,4.077704616,0,1192552.527,12770.22097,13500,0,4711653.657,20,0.369720614,0,200,20,20,0,490.6633411
1,35.29269318,0.322465937,0,150.4379637,34.98521533,35.86666667,0,230.1321184,1.118569644,0.007972868,0,1.937424882,0.936847742,0,0,1.317784257,0.046341802,0.000296129,0,0.27784716,0.043830888,0,0,0.427208791,2.820212123,0.000600534,0,443.5862924,4.383616821,0,0,1305.741093,13138.31933,1.113520359,0,251777.0328,12965.89419,13500,0,599034.9297,20,0.203255099,0,92.03915128,20,20,0,160.7089124
1,35.41164554,0.493033518,0,268.7852235,35.14285595,35.86666667,0,309.0689703,0.92360921,0.012557268,0,3.918441721,1.009258047,0,0,2.854673648,0.035813263,4.74E-05,0,0.58077806,0.040991783,0,0,0.855324832,1.782318591,0.002701745,0,1948.459029,3.453277612,0,0,5622.386877,13198.02812,2.636934128,0,821401.9508,13051.91406,13500,0,1189937.777,20,0.233546385,0,176.0218958,20,20,0,252.7662644
1,35.22796236,0.275789512,0,126.1253291,34.89716753,35.86666667,0,198.3868866,1.156202773,0.00576248,0,1.806122449,0.952626882,0,0,1.103082049,0.049691696,0.0001016,0,0.19965831,0.044191706,0,0,0.333654848,3.348492096,0.000580745,0,276.0901007,4.976998398,0,0,882.7182755,13106.12292,0.818547653,0,175711.7846,12921.14504,13500,0,442106.6988,20,0.178644462,0,73.1771005,20,20,0,134.7162626
1,35.37605157,0.543944626,0,322.1263529,35.07439757,35.86666667,0,464.528213,1.238311418,0.012542393,0,5.320491462,1.081602904,0,0,2.627327899,0.047326312,0.000692844,0,0.692225153,0.047618618,0,0,1.192788829,2.414594179,0.001216226,0,2298.096505,4.210112878,0,0,10951.63914,13185.89646,3.141715948,0,1162937.563,13023.12107,13500,0,2629124.767,20,0.306917306,0,200,20,20,0,355.7045647
1,35.32305345,0.497298467,0,152.3808019,35.17520378,35.86666667,0,242.4136751,1.04001904,0.008228714,0,2.154923544,0.795394776,0,0,1.389807818,0.041433034,0.000324193,0,0.251558753,0.031825959,0,0,0.396737581,2.462412937,0.000511292,0,421.3636798,2.688420363,0,0,1242.830769,13151.68208,2.610312868,0,257154.675,13055.58166,13500,0,657639.2831,20,0.268765948,0,89.86345486,20,20,0,163.7804293
1,35.22101507,0.609997779,0,248.3973585,34.9984059,35.86666667,0,348.0978136,1.227809841,0.008541084,0,3.866683525,1.046168263,0,0,2.17819956,0.050641686,0.000739341,0,0.470477391,0.045362801,0,0,0.774835772,3.509626899,0.002069351,0,1441.192958,4.558572749,0,0,4541.675416,13105.72953,3.970909199,0,693852.7487,12980.34833,13500,0,1422235.93,20,0.374294245,0,148.0919825,20,20,0,254.3528401
1,35.31070163,0.331348863,0,187.0974275,35.12239023,35.86666667,0,279.7402672,1.164731957,0.006232522,0,2.546566907,0.907261855,0,0,1.52971976,0.046825309,0.000138831,0,0.334184632,0.040153959,0,0,0.538151321,2.759339864,0.000990086,0,713.3997397,3.410258659,0,0,2220.590075,13149.2835,1.186522258,0,390249.7917,13036.07274,13500,0,894736.3557,20,0.211274645,0,112.3953162,20,20,0,197.4293449
1,35.34038924,0.470853474,0,320.0429661,35.06380784,35.86666667,0,456.6706301,1.11302731,0.008246564,0,5.193294461,0.910730648,0,0,2.669988695,0.04453626,0.000453019,0,0.676878053,0.040366051,0,0,1.086342992,2.489714648,0.000806944,0,2392.689114,3.749787907,0,0,9511.763445,13163.66088,2.353811487,0,1152241.176,13004.26412,13500,0,2504938.126,20,0.279778882,0,199.9999532,20,20,0,343.1274125
1,35.14904328,0.553422879,0,106.4497711,34.88586083,35.86666667,0,189.9324143,1.094713512,0.009284822,0,1.406497293,0.870806807,0,0,0.796424109,0.048766079,0.000612179,0,0.159276481,0.041885865,0,0,0.236670567,3.77749772,0.001780958,0,171.6972826,4.763328349,0,0,446.9579284,13062.86483,3.27249916,0,124397.3128,12907.21379,13500,0,393302.9315,20,0.281782239,0,61.83287312,20,20,0,122.857385
1,35.36527217,0.382865731,0,227.3632744,35.0274415,35.86666667,0,317.4922114,1.223511037,0.005952877,0,2.857490926,1.067465937,0,0,1.47575415,0.047284895,0.000208919,0,0.454715683,0.047619411,0,0,0.740128893,2.468020317,0.00028593,0,1284.835685,4.506552862,0,0,4326.688453,13179.71722,1.548677744,0,584100.7793,12998.56564,13500,0,1202068.915,20,0.222991091,0,146.6065803,20,20,0,246.6190127
1,35.33529196,0.391049226,0,288.2534068,35.0549353,35.86666667,0,403.6640731,1.289962516,0.008392337,0,4.379297317,1.054688523,0,0,2.482061046,0.049870083,0.000355077,0,0.540826783,0.047139794,0,0,0.888175121,2.761825451,0.001247055,0,1986.944388,4.282739163,0,0,6259.183323,13165.69043,1.648589639,0,935907.0543,13011.54934,13500,0,1917536.198,20,0.262965046,0,171.1730804,20,20,0,292.8900902
1,34.69265578,0.328209496,0,56.89213492,34.25063345,35.86666667,0,129.7156052,0.865907063,0.007181532,0,0.430755043,0.625846374,0,0,0.303534242,0.052805258,8.25E-05,0,0.05226905,0.04443336,0,0,0.056673917,6.659167974,0.000346931,0,20.71909101,8.044838253,0,0,37.35431994,12823.71596,1.143391993,0,34604.33056,12556.37156,13500,0,177748.6004,20,0.197085721,0,32.63558477,19.99490378,20,0,75.90194813
1,35.43140789,0.487754725,0,327.7808828,35.10140695,35.86666667,0,455.4421241,1.268569644,0.019875647,0,6.368911763,1.182599512,0,0,3.384809901,0.045701405,0.000350372,0,0.708712893,0.051135462,0,0,1.201443843,2.058781769,0.00410673,0,2135.068521,4.293346053,0,0,10701.44359,13216.11483,2.628001898,0,1195721.776,13043.58414,13500,0,2532283.201,20,0.221168996,0,200,20,20,0,342.1282648
1,34.89753807,0.400350251,0,222.739183,34.50930132,35.86666667,0,302.753756,1.334771226,0.008124591,0,3.085526864,1.095079431,0,0,1.757095258,0.058274242,0.000363859,0,0.445219166,0.053203196,0,0,0.714118236,6.327154577,0.000754274,0,1378.41618,8.453093701,0,0,3908.593646,12957.99087,1.708692241,0,565463.9155,12750.92581,13500,0,1092172.076,20,0.247222024,0,143.0374331,20,20,0,231.4997675
1,35.1911098,0.191407251,0,103.8280778,34.76181192,35.86666667,0,173.5000407,1.192553698,0.005042542,0,1.153198072,0.900386744,0,0,0.891860534,0.051807503,-0.000250865,0,0.176451291,0.048962877,0,0,0.249235327,3.706291117,0.00064332,0,183.9860747,6.016634175,0,0,536.6351644,13089.62281,0.407491138,0,119059.7276,12854.64792,13500,0,333757.0357,20,0.12081812,0,64.68283453,20,20,0,119.2982887
1,35.43758246,0.69601777,0,172.5202276,35.05772428,35.86666667,0,251.3585597,1.032525138,0.018284048,0,2.427479622,0.940866901,0,0,1.156303921,0.03942211,0.000615242,0,0.299330669,0.043713091,0,0,0.479258532,1.78549151,0.002759237,0,631.2537885,3.957976729,0,0,1974.61192,13215.4037,5.167577145,0,332617.1762,13004.85817,13500,0,728335.0348,20,0.353336345,0,103.0199486,20,20,0,179.2624493
1,35.25928149,0.365510581,0,171.6523852,34.90083562,35.86666667,0,255.2119859,1.290212411,0.006193848,0,2.363217707,1.051365502,0,0,1.124501696,0.051725251,0.000286973,0,0.311702047,0.049560809,0,0,0.481710112,3.32661698,0.001150262,0,627.3376584,5.392794441,0,0,1938.15954,13127.1793,1.44267152,0,329394.8639,12934.54471,13500,0,747808.9357,20,0.241791356,0,103.9970117,20,20,0,181.8693326
1,35.14579435,0.392029274,0,256.2960337,34.87617778,35.86666667,0,357.5854081,1.327631344,0.008228714,0,3.807395728,1.125230559,0,0,2.120098768,0.055503406,0.000338781,0,0.497306314,0.050242668,0,0,0.790473987,4.295624855,0.001714613,0,1637.363965,5.715718762,0,0,4966.299336,13073.59786,1.671534283,0,742234.6208,12926.89751,13500,0,1506860.144,20,0.273314607,0,157.0708603,20,20,0,264.1317266
1,35.43580403,0.498410424,0,102.0745668,34.9594395,35.85470913,0,120.1076438,1.259210448,0.016427679,0,1.692592372,1.248649372,0.107734872,0,0.979948831,0.046073792,0.000434949,0,0.179824037,0.057703481,0.00223973,0,0.2547348,2.005820563,0.002893441,0,197.4728767,5.674031366,0.002691751,0,571.1214174,13217.47554,2.694317756,0,115618.6882,12981.76296,13489.9796,0,170264.49,20,0.228062754,0,59.16422584,20,20,0,84.78120619
1,35.29929299,0.368572321,0,221.4743868,34.83866843,35.81093064,0,241.953828,1.527039329,0.014345213,0,3.324022729,1.392172904,0.30547986,0,1.890016065,0.057075965,0.00042955,0,0.453811232,0.0648826,0.008192552,0,0.666925157,3.350406213,0.00101638,0,1279.300845,7.223617048,0.045257322,0,3641.766665,13154.06321,1.456579884,0,556032.3168,12941.08685,13455.263,0,735695.3137,20,0.186043625,0,135.441154,20,20,0,190.0908366
1,35.0321925,0.304378612,0,177.5530513,34.57580268,35.85532246,0,218.8707848,1.323936455,0.010739573,0,3.551442851,1.149764979,0.044005474,0,1.597608139,0.05678161,0.000362195,0,0.334290794,0.053554989,0.001405345,0,0.512118187,5.189774281,0.000490247,0,756.7311821,8.150202693,0.001653212,0,1928.593328,13019.2892,0.987568621,0,355167.3373,12788.41919,13490.75904,0,566582.0316,20,0.183617825,0,104.0540046,20,20,0,158.5533241
1,35.46359846,0.410196644,0,259.9461446,35.077525,35.86666667,0,323.3759642,1.169006961,0.010831796,0,4.505702981,1.055116916,0,0,2.805527459,0.04278451,0.000539226,0,0.485734581,0.047664278,0,0,0.784242236,1.756310746,0.000954723,0,1430.42449,4.156846846,0,0,4333.982488,13231.84927,1.7966017,0,754774.1936,13023.62432,13500,0,1240858.868,20,0.255550797,0,151.7139387,20,20,0,235.7314801
1,35.23020676,0.231016977,0,102.327352,34.88068817,35.86666667,0,153.9757371,1.11757006,0.009460344,0,1.352838103,0.939004581,0,0,0.882162194,0.047961134,0.000147282,0,0.158485034,0.044554705,0,0,0.261118383,3.251651012,0.00183826,0,173.1683949,5.059360923,0,0,527.5122665,13105.57661,0.623717249,0,115381.9769,12911.73892,13500,0,266176.39,20,0.165946701,0,59.25474178,20,20,0,104.6070945
1,35.41096035,0.601685587,0,327.5330174,35.16787735,35.86666667,0,561.9531699,0.950092223,0.022109835,0,6.685913607,0.948099006,0,0,7.558130541,0.037237857,0.000670179,0,0.697910284,0.037826732,0,0,1.598640888,1.833091818,0.004800203,0,2252.468444,3.125348339,0,0,19811.01314,13198.43018,3.952491832,0,1198034.224,13061.2097,13500,0,3975284.722,20,0.297257682,0,200,20,20,0,422.2211738
1,35.14310436,0.639555741,0,313.3638141,34.89493638,35.86666667,0,409.275651,1.289260427,0.016216457,0,4.726596061,1.152320462,0,0,2.517076218,0.053899048,0.000827719,0,0.697368689,0.049735295,0,0,1.183490124,4.220618262,0.002340491,0,2637.031938,5.607639109,0,0,11059.9575,13070.09796,4.361999877,0,1116168.19,12937.20207,13500,0,2127316.467,20,0.361936634,0,200,20,20,0,338.0090229
1,35.43043141,0.276056584,0,297.5264795,35.18673303,35.86666667,0,401.5388576,1.078624978,0.005777355,0,4.940441483,0.934015589,0,0,2.976081395,0.041818742,8.41E-05,0,0.583358499,0.04070319,0,0,0.896432483,1.890036067,0.00125109,0,2086.582292,3.103774324,0,0,6064.643498,13212.19488,0.843220234,0,996040.697,13072.8719,13500,0,1892936.754,20,0.195983397,0,180.2084639,20,20,0,292.3341297
1,35.55802477,0.412879713,0,281.1323141,35.335838,35.86666667,0,381.9913108,0.927809841,0.008047242,0,3.842360326,0.756753139,0,0,3.409412745,0.033340672,0.000197316,0,0.53610969,0.03345102,0,0,0.851940219,1.049690284,0.00066147,0,1892.429078,1.961390649,0,0,6255.421813,13284.43146,1.809805479,0,890315.3271,13149.21854,13500,0,1738820.652,20,0.237984173,0,169.0017949,20,20,0,279.6549409
1,35.61167942,0.386158446,0,324.3573464,35.42200647,35.86666667,0,492.5617296,1.01091212,0.006125424,0,5.469105135,0.850505742,0,0,2.852531683,0.032204472,3.94E-05,0,0.682407407,0.035147502,0,0,1.24472993,0.828741834,0.00047791,0,2090.615512,1.670236642,0,0,12848.94213,13317.97717,1.580656849,0,1171082.493,13202.50202,13500,0,2974027.998,20,0.2189258,0,200,20,20,0,379.2038436
1,35.27264971,0.227641082,0,246.815466,35.18043226,35.86666667,0,349.0901918,0.995951092,0.008538109,0,3.781213185,0.755649432,0,0,2.216397929,0.0408247,-4.21E-05,0,0.454157263,0.031531505,0,0,0.727289004,2.697707176,0.001194242,0,1423.166655,2.604147494,0,0,4067.643037,13122.58863,0.584980323,0,685115.384,13056.88665,13500,0,1413560.91,20,0.148617318,0,147.2027427,20,20,0,249.4792135
1,35.24358634,0.221558815,0,81.41948351,34.93068261,35.86666667,0,145.0653347,0.916177783,0.005830904,0,0.70058904,0.724335098,0,0,1.497471292,0.042433609,4.91E-05,0,0.109268063,0.037978422,0,0,0.16148309,2.804867141,0.000431143,0,100.5096191,4.081087488,0,0,331.4564536,13103.93696,0.530972956,0,72764.74929,12919.47524,13500,0,231750.8437,20,0.139007221,0,47.85861148,20,20,0,94.86697696
2,35.41732425,0.558884909,0,107.7307178,35.00466655,35.86666667,0,151.9574072,0.871502945,0.010192182,0,1.492238353,0.958645207,0,0,1.000178497,0.034290849,-0.000672989,0,0.155800747,0.042948419,0,0,0.243489265,1.69136358,0.004827946,0,176.7362629,4.28068489,0,0,357.2654194,13200.10319,3.440209208,0,127377.3577,12977.10857,13500,0,253924.2406,20,0.261660509,0,61.11201838,20,20,0,98.36014504
2,34.53217513,0.297743797,0,42.10528942,33.26221755,35.8665888,0,66.48253486,0.811944428,0.004489201,0,0.494552865,0.472374606,0.002368061,0,0.677723568,0.053208143,-3.59E-05,0,0.046609911,0.042395541,2.80E-05,0,0.067934216,7.555687022,0.001177227,0,19.02606557,11.02408433,2.35E-07,0,56.5493087,12736.56674,0.972335751,0,19202.23136,11951.31697,13499.92897,0,48237.07584,19.97323793,0.190298057,0,24.06679636,19.24884073,20,0,41.76288049
2,35.21265374,0.416038159,0,79.64662522,34.73862169,35.86496466,0,113.6256195,1.073906706,0.006485393,0,1.17786934,0.933126078,0.024120902,0,0.765871363,0.047761272,0.000274919,0,0.126481537,0.047054843,0.000387184,0,0.196236136,3.306189248,0.001086751,0,99.15200737,6.104911881,6.38E-05,0,312.08901,13094.629,1.854441471,0,69720.2328,12841.87082,13498.53786,0,145751.6321,20,0.264328495,0,45.02809745,20,20,0,75.32432999
2,35.16347704,0.656752167,0,84.28384746,34.77870586,35.84571823,0,121.9175191,1.118203725,0.006544892,0,1.224590944,0.986505623,0.054504076,0,0.824120902,0.048881143,0.0006097,0,0.112848372,0.047451227,0.001665873,0,0.187687229,3.719070085,0.001831405,0,119.8374706,5.980037198,0.004168131,0,284.1123636,13071.44277,4.580823938,0,78330.9822,12866.50195,13483.36987,0,165238.7786,20,0.382035989,0,44.4624893,20,20,0,78.04307478
2,35.26642601,0.397671903,0,77.87626481,34.85672942,35.86563224,0,115.0350834,1.089287202,0.004670673,0,1.074820015,0.865576843,0.007598025,0,0.572588802,0.045603937,0.000131085,0,0.118826591,0.044162254,0.000181252,0,0.183576949,2.940337625,0.000866622,0,76.64632256,5.108600617,1.94E-05,0,213.7605876,13123.32462,1.69089553,0,66052.2683,12896.10996,13499.13167,0,145868.8393,20,0.256259674,0,45.19143432,20,20,0,76.80274567
2,35.13985294,0.385020527,0,101.2816843,34.80643182,35.8559954,0,145.2589245,1.144172071,0.005310287,0,1.925947522,1.000544416,0.051258404,0,0.998363777,0.048207383,-6.61E-06,0,0.153240945,0.046542126,0.001482132,0,0.255067553,3.8855818,0.000477614,0,157.2352108,5.762762624,0.001636854,0,425.1263828,13059.95484,1.573009848,0,112608.8312,12879.91004,13491.24341,0,235333.0686,20,0.229515368,0,56.65331355,20,20,0,96.29571012
2,35.46771252,0.505000535,0,134.8873067,35.13067694,35.86666667,0,185.2481498,0.984690903,0.005262688,0,2.0348218,0.921577319,0,0,0.837716428,0.038259929,0.000368784,0,0.234196829,0.042433289,0,0,0.390404792,1.574130121,0.000505692,0,334.6357912,3.472713188,0,0,1220.882908,13231.56051,2.691097821,0,201623.1669,13042.96722,13500,0,400651.7614,20,0.291589688,0,81.25629278,20,20,0,136.2060971
2,35.38954773,0.338672498,0,83.87498046,34.91350806,35.86666667,0,126.7488459,1.058097816,0.006604391,0,1.072187184,0.906161123,0,0,1.097816386,0.04251563,-3.55E-06,0,0.134111889,0.045732532,0,0,0.204413174,2.107890007,0.000182254,0,95.88229612,4.8904426,0,0,268.6575947,13188.66664,1.210338809,0,76860.12669,12929.32732,13500,0,177410.5752,20,0.198873122,0,50.23912287,20,20,0,84.3225601
2,35.15482787,0.293152298,0,55.65442389,34.53252587,35.86666667,0,92.46571012,1.008564884,0.006854287,0,0.607059559,0.788736836,0,0,0.279288392,0.049068532,-0.000129807,0,0.074920293,0.049979473,0,0,0.098184178,3.623447642,0.000672036,0,30.36077324,7.334278389,0,0,77.94328066,13061.93067,0.926552274,0,33451.16719,12732.19105,13500,0,92273.59976,20,0.178165201,0,32.22712259,20,20,0,59.35829387
2,35.03831326,0.373325598,0,57.4107717,34.41155596,35.86666667,0,91.0377672,1.057943119,0.004325579,0,0.836300351,0.854141132,0,0,0.417950854,0.05307892,0.000202451,0,0.074639381,0.053578249,0,0,0.123824399,4.614205274,0.000489344,0,37.52025959,8.67628824,0,0,109.1590132,13007.02914,1.479926282,0,35763.96689,12687.86189,13500,0,90537.54269,20,0.235874053,0,32.8451223,20,20,0,59.11513228
2,34.94876655,0.383429742,0,53.93466655,34.10848252,35.86666667,0,85.60342576,0.926497888,0.005938002,0,0.686657345,0.699015291,0,0,0.338549414,0.046141026,-9.63E-05,0,0.083019906,0.049071892,0,0,0.104091329,4.724221481,0.000496428,0,36.53871632,9.840739969,0,0,68.87262901,12949.14598,1.559596074,0,31688.34989,12512.77063,13500,0,79131.95347,20,0.204172892,0,32.03759156,20,20,0,54.84759871
2,35.27386936,0.332758989,0,77.22200795,34.77905879,35.86385203,0,117.9589098,1.15817219,0.005203189,0,1.097432617,1.007687273,0.016903671,0,0.763104659,0.049972741,2.09E-05,0,0.110590153,0.052520378,0.000443741,0,0.191242626,3.037342196,0.000185167,0,81.19495951,6.34569937,0.0001279,0,263.3019103,13129.52589,1.169094818,0,65121.25281,12876.00384,13497.6592,0,154627.7366,20,0.199472638,0,42.751961,20,20,0,77.51876691
2,35.11321437,0.374592809,0,108.624429,34.62229587,35.85264564,0,154.4499034,1.296263462,0.007142857,0,1.857821146,1.093493782,0.062212173,0,0.921996787,0.055833835,0.000277078,0,0.184892593,0.055574683,0.001849835,0,0.285551214,4.501253566,0.000246876,0,221.5662392,7.854517487,0.00272026,0,686.8379973,13056.35392,1.481877731,0,130878.0025,12810.95281,13488.55125,0,272944.9215,20,0.228790988,0,63.36959843,20,20,0,106.1882825
2,35.16337582,0.385161302,0,75.33697836,34.6101715,35.86662571,0,110.8553291,1.221526745,0.005313262,0,0.988632713,0.987793776,0.002219313,0,0.540280835,0.053669315,0.000156196,0,0.13249324,0.053250299,2.09E-05,0,0.198851779,3.98251703,0.000410356,0,82.5472963,7.532084786,1.00E-07,0,242.6434898,13077.27878,1.570329125,0,62189.37722,12792.85025,13499.9601,0,136997.2704,20,0.214664916,0,46.86644616,20,20,0,78.12712426
2,34.83970032,0.393053252,0,59.7597076,34.20449218,35.86449584,0,93.63333155,1.147274945,0.005801154,0,0.727161302,0.814461236,0.006595466,0,0.482150295,0.057145898,0.000311378,0,0.081921587,0.053440718,0.000189802,0,0.133333333,6.406330926,0.000737477,0,49.15325764,10.00136975,4.94E-05,0,146.5610908,12919.30591,1.646446022,0,39031.50283,12584.05707,13498.25503,0,96813.49594,20,0.250679672,0,34.67229365,20,20,0,61.72968088
2,35.32711279,0.491736479,0,108.5819359,34.87173569,35.86644702,0,156.854632,1.210436128,0.005905278,0,1.542488249,1.134185161,0.003694889,0,1.005325162,0.049133132,0.000387471,0,0.18132285,0.054610876,5.68E-05,0,0.30412229,2.725954143,0.000667001,0,213.7055565,5.999057387,1.29E-06,0,731.5604257,13158.97938,2.558912735,0,130515.8715,12930.56158,13499.80838,0,282337.0998,20,0.297435173,0,62.63448354,20,20,0,108.7131888
2,35.34811063,0.418654509,0,113.8358073,34.88269663,35.86649584,0,166.6846649,1.29453204,0.005860653,0,1.831552329,1.10639317,0.004997918,0,1.104807521,0.049656371,0.000312535,0,0.195644187,0.052928487,6.00E-05,0,0.321303623,2.67627519,0.000850376,0,206.3521862,5.795102223,1.10E-06,0,676.1430935,13172.46068,1.868813054,0,142516.4456,12932.73714,13499.84472,0,313824.7578,20,0.270198869,0,66.89607265,20,20,0,115.1357801
2,35.42738422,0.892536582,0,110.1221364,35.04977331,35.86666667,0,164.3144737,1.133099304,0.010977569,0,1.585574463,0.984690903,0,0,0.985630987,0.043074975,0.001247452,0,0.179707684,0.046680594,0,0,0.285363242,1.959282965,0.006201936,0,188.7360221,4.208813947,0,0,574.1149283,13211.45953,8.552050997,0,133228.4267,13005.63844,13500,0,302182.0197,20,0.532930695,0,64.24584316,20,20,0,110.7962527
2,35.31081787,0.471221832,0,110.8719968,34.90182273,35.86666667,0,168.390755,1.245724996,0.006006426,0,1.590164812,1.105381686,0,0,0.867406438,0.050191223,0.000525123,0,0.178255324,0.051420473,0,0,0.297545776,2.875599408,0.002671437,0,205.940304,5.582100513,0,0,708.5525198,13151.23192,2.422184837,0,135538.9959,12940.43547,13500,0,320911.1751,20,0.328921719,0,64.12730661,20,20,0,114.3388436
2,35.1580457,0.390618532,0,68.86979146,34.67241185,35.86666667,0,110.1158396,1.069554352,0.006030226,0,0.773579461,0.832066996,0,0,0.40242161,0.051006679,0.000279678,0,0.092891674,0.049661759,0,0,0.152209727,3.746187331,0.00100247,0,54.91787781,6.522299828,0,0,171.4047383,13067.21779,1.637205832,0,51499.60042,12806.36569,13500,0,132890.9993,20,0.263355057,0,41.25299469,20,20,0,74.5917831
2,35.16619309,0.367891295,0,87.36838296,34.69535697,35.86174386,0,130.6937068,1.153114774,0.004364253,0,1.216983995,0.966549652,0.060058309,0,0.812161599,0.051704955,0.000310298,0,0.146407471,0.051665367,0.001069616,0,0.245786919,3.815010384,0.001213767,0,117.6345447,6.771600459,0.000530769,0,363.1878858,13074.99384,1.463699292,0,83851.02835,12830.05491,13495.79922,0,191279.6445,20,0.250704142,0,51.18126879,20,20,0,88.5912166
2,34.78900424,0.24592047,0,59.30268539,33.840945,35.8657155,0,79.97651693,1.174001904,0.006773963,0,1.003977509,0.880737193,0.002915452,0,0.499524008,0.058232097,-0.000170894,0,0.098419574,0.06332313,0.00010301,0,0.146910128,6.892759458,0.000409891,0,60.28882367,14.23526008,1.02E-05,0,156.0915978,12898.00902,0.649418385,0,38819.94916,12461.78123,13499.22728,0,72261.5489,20,0.139104515,0,34.82051157,20,20,0,54.95606291
2,34.80658075,0.547114397,0,146.1840905,34.39550425,35.81276674,0,206.155418,1.268444696,0.006884036,0,2.320672934,1.143211162,0.11634438,0,1.934491581,0.057576605,0.000703113,0,0.270112134,0.053550119,0.004580069,0,0.43319296,6.885648282,0.001507129,0,528.7878545,9.396810201,0.026458182,0,1481.976387,12910.91516,3.191858155,0,241358.3447,12700.47924,13457.68706,0,495117.908,20,0.354704068,0,86.81050141,20,20,0,146.5156227
2,34.30980248,0.261711866,0,79.48075881,33.83155921,35.85849045,0,131.3178092,1.235851133,0.006530017,0,1.152463259,0.974739692,0.010861546,0,0.636788243,0.058220131,-0.000184778,0,0.126483443,0.053830514,0.000490492,0,0.198720881,10.78572382,0.002566604,0,119.2096611,13.05787369,0.000440263,0,298.5894908,12682.66107,0.807637835,0,70128.79648,12421.53414,13493.56841,0,190787.3019,20,0.198514703,0,47.56129229,20,20,0,87.93723273
2,35.22378703,0.388281093,0,76.57361342,34.72067,35.83537357,0,117.525658,1.114812281,0.007960969,0,0.89090855,0.86030523,0.120875231,0,0.54123282,0.04838274,0.000358173,0,0.107659441,0.047521282,0.003832376,0,0.185009883,3.306695624,0.000940975,0,76.36878303,6.113312447,0.01237363,0,259.581576,13102.44403,1.61578346,0,63941.43825,12828.88235,13474.79024,0,153506.262,20,0.249295775,0,44.35693897,20,20,0,79.61954233
2,34.93106971,0.403540152,0,86.43004615,34.40504008,35.76304861,0,133.7290379,1.167326114,0.007181532,0,1.144433867,1.030522996,0.278137086,0,0.725679776,0.055617038,0.000256077,0,0.137263321,0.054068995,0.010475651,0,0.222217595,5.67436537,0.00058771,0,127.5399136,9.121466249,0.111892851,0,386.8269728,12962.3877,1.729198598,0,82458.23593,12697.81868,13419.93453,0,200431.6603,20,0.249127753,0,50.83710443,20,20,0,91.30323717
2,35.24578614,0.652666647,0,85.11025719,34.70610944,35.80184564,0,134.3024508,1.132028322,0.008541084,0,1.04754864,0.958228714,0.306625216,0,1.300291545,0.049793759,0.000740774,0,0.134619085,0.051676319,0.00894906,0,0.201877635,3.196037881,0.002526411,0,116.7403451,6.676939872,0.057905018,0,322.9511781,13114.19103,4.549363365,0,79732.39925,12834.70171,13448.39335,0,199882.5217,20,0.380837796,0,50.36912705,20,20,0,88.85876777
2,35.16665249,0.233117332,0,87.10592916,34.63255812,35.7504606,0,128.5794328,1.118971262,0.005384661,0,1.127390373,0.963893021,0.388207295,0,0.475992146,0.050169693,-0.000190628,0,0.136389445,0.050529409,0.013177369,0,0.214705072,3.72894641,0.000914869,0,126.7358953,7.122712269,0.1587876,0,388.0856492,13073.38836,0.602892462,0,83668.81936,12796.97387,13410.59487,0,186374.2324,20,0.150309437,0,52.73246116,20,20,0,90.58267724
2,34.82137663,0.187060352,0,56.74858751,34.10035333,35.73461425,0,90.91401599,0.971910513,0.003430118,0,0.606934611,0.659632891,0.401511275,0,0.374873565,0.053747678,-0.000219805,0,0.078580728,0.053443924,0.014437481,0,0.113469256,6.013475994,0.00100929,0,40.07506667,10.00490345,0.194749542,0,112.417025,12894.98449,0.402916412,0,35067.99865,12510.00375,13399.17572,0,90462.69828,20,0.111678233,0,34.3570454,20,20,0,60.89593454
2,35.00162678,0.320690526,0,71.58420363,34.42335749,35.73280827,0,109.3806021,1.192854168,0.005060392,0,1.047810436,0.922481704,0.499934551,0,0.564913429,0.056536199,7.36E-06,0,0.112542096,0.055220058,0.016390106,0,0.169524933,5.21293969,0.000452665,0,71.05937767,8.88998524,0.221225797,0,183.2019364,12997.97984,1.095508577,0,56026.6952,12702.50351,13397.72051,0,131564.0116,20,0.198655993,0,42.52271941,20,20,0,73.07082059
2,34.69678832,0.313942901,0,60.78855066,33.79010771,35.65863908,0,93.36849091,1.003290296,0.007684298,0,0.704736122,0.749178914,0.483402749,0,0.316653775,0.057368777,0.000107495,0,0.100730956,0.057279418,0.018913416,0,0.132516875,7.185887488,0.000684101,0,61.89923875,13.18487082,0.410891877,0,132.4560554,12841.53728,1.059422668,0,40778.85462,12394.36375,13346.67179,0,95887.40165,20,0.179536695,0,39.39477649,20,20,0,64.91708016
2,5.831603538,0.334023264,0,17.70237038,7.553978779,25.02053807,0,49.67580591,0.116323556,0.003433093,0,0.220101743,0.039614446,0.074947938,0,0.044475516,0.001577242,-0.000144021,0,0.002030492,0.000387284,-0.002889239,0,-0.011524189,0.051387576,0.000200772,0,0.139435458,0.029909767,0.054547712,0,0.800879248,358.604854,1.177298184,0,3294.4404,600.0775149,6572.644584,0,25924.91783,3.441380645,0.182717044,0,9.998331849,4.398275199,13.82838824,0,26.8565068
2,34.98830799,0.31600123,0,86.23630158,34.31323468,35.86666667,0,111.0508968,1.231867674,0.007598025,0,1.57182424,1.060436128,0,0,0.936157553,0.056514536,-1.73E-06,0,0.154327331,0.057949554,0,0,0.244719793,5.379621149,0.001087702,0,146.7697497,10.2796113,0,0,441.4439073,12993.77052,1.085536688,0,82742.47157,12668.4116,13500,0,144050.9623,20,0.168645023,0,51.86033469,20,20,0,80.45061623
2,30.69060735,0.369584062,0,33.76679745,26.19007259,34.56515049,0,64.42148827,0.51547272,0.007764622,0,0.500651514,0.310694949,0.542494199,0,0.158892128,0.045674454,0.000340081,0,0.017921104,0.026324085,0.020967619,0,0.040840457,27.32567216,0.001942468,0,13.32199632,15.09566112,3.448840754,0,17.00176283,10782.63225,1.498998251,0,12394.50044,7691.549541,12643.76086,0,44103.05178,19.68889581,0.265178912,0,19.92353438,15.26773427,20,0,39.35172551
2,35.25010105,0.373394855,0,104.7598874,34.71449932,35.86127935,0,136.3110454,1.268879038,0.006425894,0,1.538602963,1.104206581,0.036734694,0,1.012435295,0.050968236,9.57E-05,0,0.185849415,0.054162287,0.000877126,0,0.306357801,3.3485919,0.000371248,0,208.9066422,7.065784887,0.000470392,0,670.7294843,13121.59492,1.4754452,0,121838.9598,12852.2213,13495.51611,0,217204.235,20,0.202778772,0,62.45229721,20,20,0,98.08984771
2,35.20750124,0.370652288,0,130.3664677,34.75821537,35.86592035,0,169.980522,1.205387636,0.005176415,0,2.168063902,1.070199917,0.012393646,0,1.124323199,0.051243221,7.06E-05,0,0.229709689,0.051327886,0.000192369,0,0.368701974,3.584083233,0.00026106,0,353.9990824,6.526687583,1.48E-05,0,1080.105929,13097.92771,1.450679465,0,189656.3472,12867.55436,13499.34948,0,338915.61,20,0.221229082,0,75.36962491,20,20,0,120.2587168
2,34.623948,0.321965193,0,75.65039148,34.19207576,35.8666624,0,109.7122522,1.162060451,0.005830904,0,1.257434402,0.959573392,0.00059499,0,0.605908253,0.056106902,8.92E-06,0,0.123394992,0.052082289,4.08E-06,0,0.192678205,7.997983427,0.000541723,0,116.8566561,10.2141063,2.55E-09,0,304.2720318,12816.60373,1.106935602,0,63809.82941,12583.18157,13499.99504,0,136362.1668,20,0.201768043,0,44.23399238,20,20,0,75.18574755
3,35.46151836,0.521818171,0,79.44898703,35.1599027,35.86666667,0,124.5436338,0.756164098,0.005887428,0,1.038882608,0.701407152,0,0,2.007437377,0.027010571,-0.001368246,0,0.093314084,0.028421304,0,0,0.128231403,1.289874912,0.008284925,0,69.96052782,2.543789091,0,0,115.9738577,13223.54668,3.141981234,0,68422.71526,13041.38431,13500,0,166397.1329,20,0.200159055,0,44.12577757,20,20,0,71.43995502
3,35.17007251,0.349660856,0,64.38414627,34.51599056,35.79748123,0,88.70250312,1.187073838,0.005429285,0,1.062923187,1.053685964,0.294912834,0,0.54182781,0.053278892,0.000368949,0,0.105981646,0.058198072,0.009074162,0,0.170701471,3.862216985,0.000352525,0,59.57510225,8.74194133,0.063346618,0,188.3507908,13078.4721,1.292751038,0,45374.09488,12762.41309,13445.18004,0,88761.80978,20,0.2,0,37.516186,20,20,0,60.87285227
3,35.02659406,0.348333333,0,53.38999853,34.29121445,35.8137317,0,74.35194978,1.090741953,0.008541084,0,0.750693164,0.83273636,0.192387101,0,0.854495151,0.05278559,0.000370381,0,0.088487248,0.055154213,0.006334805,0,0.142391838,4.737892041,0.000465446,0,41.6747629,9.571543962,0.03421989,0,150.4900004,13002.68857,1.286830935,0,31242.60314,12630.63073,13457.86491,0,63010.27143,20,0.2,0,34.1604474,20,20,0,55.8788424
3,35.21228163,0.48820545,0,94.35794512,34.67333799,35.81699292,0,128.0576042,1.173192717,0.008541084,0,1.425084786,1.128455405,0.150954959,0,2.014607009,0.05078596,0.000608873,0,0.172655353,0.054659886,0.005158807,0,0.279910928,3.494998959,0.002753786,0,188.6666797,7.476544235,0.027127998,0,684.1132722,13098.78793,2.587477327,0,99499.03669,12835.73808,13460.64268,0,194782.0979,20,0.291743464,0,56.5653088,20,20,0,91.51805879
3,35.16305621,0.568808691,0,113.5601649,34.65397116,35.84746923,0,147.5422358,1.200077349,0.011620158,0,1.755366811,1.139888142,0.055384661,0,0.876480038,0.051587169,0.000688646,0,0.222688232,0.053973752,0.001982331,0,0.347628193,3.894311831,0.002776776,0,285.9208608,7.59249461,0.003983551,0,891.3591449,13075.33142,3.479931048,0,144556.981,12826.03018,13484.57831,0,258064.8943,20,0.300871703,0,70.58164288,20,20,0,110.3578673
3,35.17004096,0.346332639,0,56.52533694,34.49981827,35.86666667,0,85.34902402,0.986163503,0.00546201,0,0.723377164,0.775105611,0,0,0.785387041,0.045756552,0.000370293,0,0.081980249,0.048406065,0,0,0.130364443,3.412706274,0.000431156,0,43.93575676,7.433715932,0,0,155.7163677,13067.97422,1.271172858,0,34929.52659,12712.85905,13500,0,81585.58548,20,0.2,0,33.54392335,20,20,0,57.82962247
3,34.98438835,0.349246941,0,69.82192868,34.41242336,35.86516842,0,100.9908978,1.167968704,0.008541084,0,1.150080324,1.019923246,0.005423336,0,0.698012733,0.053108857,0.000301329,0,0.111375419,0.052687934,0.000160085,0,0.184137892,5.172435449,0.000402682,0,76.87371539,9.016062034,2.70E-05,0,227.5597342,12986.00962,1.291718574,0,53597.06974,12700.30472,13498.78324,0,114505.7238,20,0.2,0,40.44420878,20,20,0,68.515859
3,35.16807422,0.503997779,0,107.8518311,34.64486462,35.83859295,0,145.8468107,1.314972928,0.009844113,0,2.043083239,1.23396204,0.107836021,0,1.08362587,0.055559203,0.000740278,0,0.202431317,0.058046989,0.003494763,0,0.33096384,4.091443329,0.001785991,0,214.6370313,8.120270489,0.009943122,0,681.6713364,13083.15494,2.720064624,0,128909.7111,12834.66396,13477.32467,0,245749.268,20,0.3,0,65.08305954,20,20,0,105.3647943
3,35.20106997,0.583113603,0,102.5772209,34.69665245,35.86535095,0,141.1274618,1.250157672,0.008392337,0,1.430728268,1.088543464,0.009252097,0,0.65335872,0.053562669,0.000812095,0,0.192121955,0.056152771,0.000224554,0,0.303277184,3.732695976,0.003797057,0,221.6802565,7.320587931,3.03E-05,0,759.5573208,13096.75417,3.68799199,0,117544.2301,12846.62446,13498.898,0,234248.4235,20,0.322571665,0,63.62571137,20,20,0,105.2559773
3,26.59176847,0.206585272,0,28.32640951,23.74971377,35.74258144,0,47.27131949,0.663672874,0.004233355,0,0.407348129,0.430877016,0.123195692,0,0.282382341,0.029509122,-0.000416912,0,0.02572245,0.024119954,0.002983248,0,0.034291818,12.30540788,0.000847797,0,7.685168989,9.21210695,0.065299597,0,4.738670163,7812.655663,0.477116006,0,8663.669146,6214.625325,13407.01437,0,23584.08968,13.58840012,0.094706347,0,16.19396571,13.09734232,20,0,27.22595129
3,35.26411388,0.482691061,0,70.9556625,34.70506251,35.86666667,0,107.7841155,1.093541382,0.008541084,0,1.172684001,0.993267686,0,0,0.5212114,0.047573531,0.000370877,0,0.108840893,0.051675514,0,0,0.179995989,2.992822988,0.001645348,0,70.12434977,6.770938195,0,0,231.9916534,13122.27036,2.49527851,0,55050.14748,12837.02312,13500,0,129537.249,20,0.267306798,0,41.42311034,20,20,0,72.66484035
3,35.22030638,0.534951607,0,263.0121006,34.63631287,35.86666667,0,305.4469868,1.34879812,0.015398346,0,4.998420301,1.392886892,0,0,2.460998394,0.053662209,0.000209921,0,0.529849445,0.06252462,0,0,0.787595226,3.70929888,0.007021669,0,1773.470041,8.840909996,0,0,4217.96071,13109.95298,3.233692529,0,783093.8051,12849.76819,13500,0,1118867.619,20,0.223841592,0,155.7621088,20,20,0,226.8157374
3,7.815757482,0.213908094,0,17.62472559,10.16884268,35.864,0,52.84106602,0.205113941,0.012381746,0,0.610724698,0.127107753,0.003840662,0,0.073243291,0.000297969,-3.07E-05,0,-0.024267435,-0.01224211,0,0,-0.02143959,0.577706453,0.001007973,0,4.328265201,0.97302402,3.12E-05,0,3.171514322,660.9390724,0.513569183,0,3405.182866,1118.660434,13498.00112,0,29411.93699,4.943015276,0.141397489,0,8.630152175,4.688217099,19.9947956,0,27.27166581
3,35.86646479,0.892946193,0,333.4437293,35.57397354,35.86666667,0,576.1797394,0.01517225,0.022487654,0,7.725658952,0.960403403,0,0,4.147379068,0.000126799,0.000148681,0,0.695117202,0.033092021,0,0,1.635719905,3.17E-06,0.009763699,0,1819.021477,0.941038397,0,0,18957.28389,13499.79343,8.677985038,0,1224276.793,13293.06503,13500,0,4115218.212,20,0.424350937,0,200,20,20,0,463.6461895
3,34.90090494,0.308180441,0,46.22269991,33.90094383,35.86666667,0,69.91447631,0.99908074,0.007514726,0,0.948557149,0.697090498,0,0,0.332926757,0.056444978,0.000171401,0,0.070425275,0.057736139,0,0,0.110147117,5.534286551,0.000545187,0,31.34195362,11.42414928,0,0,79.16805123,12935.34865,1.013305868,0,23412.93173,12412.64641,13500,0,53888.45634,20,0.177025921,0,26.75679617,19.96128173,20,0,46.59943836
3,34.40439404,0.377318994,0,53.81371579,33.55681952,35.86666667,0,78.93929157,1.085907658,0.008395311,0,0.703430118,0.726200393,0,0,0.519575177,0.058186646,0.000344312,0,0.100911371,0.056610363,0,0,0.151281212,9.738424748,0.001274433,0,62.71717422,14.36082617,0,0,178.6627198,12715.40566,1.534682316,0,32429.93799,12270.2873,13500,0,71334.15161,20,0.221813681,0,34.08416999,20,20,0,55.496107
3,29.00114661,0.294093671,0,32.5515251,25.99370322,35.86666667,0,54.82265663,0.624718867,0.004991968,0,0.557693223,0.397959184,0,0,0.283602071,0.032592207,9.59E-05,0,0.034014784,0.032708175,0,0,0.061772872,5.444329632,0.000295367,0,6.436522336,6.848178892,0,0,22.89841597,8983.026233,0.916736794,0,11312.55444,7302.275756,13500,0,32275.07442,15.57116393,0.157527171,0,18.9958235,14.80097436,20,0,34.70230714
3,32.73333206,0.314353801,0,34.24215083,28.58925809,35.83198292,0,52.47280816,0.666629976,0.005860653,0,0.371770691,0.407821146,0.119964896,0,0.320997204,0.044999515,0.000348091,0,0.042448131,0.043400512,0.004044435,0,0.072069949,8.945921756,0.000657377,0,15.53320111,11.18039328,0.014245386,0,38.25063184,11509.80577,1.05799342,0,12797.33105,8928.853448,13472.1738,0,30154.73706,17.95770827,0.181170488,0,21.29310499,16.47488312,20,0,34.63689509
3,34.99672081,0.358317348,0,51.03242579,34.10524754,35.84033956,0,73.61611412,1.095668471,0.005878503,0,0.790863926,0.782905932,0.127235676,0,0.48244779,0.05564584,0.000377973,0,0.085098195,0.057846389,0.003681248,0,0.132554778,5.068065347,0.000628999,0,36.61546526,10.98599288,0.009832885,0,114.6039747,12990.1622,1.3660365,0,28492.60177,12543.614,13478.57636,0,60651.34297,20,0.209578504,0,30.5573382,20,20,0,50.42237431
3,33.385689,0.19,0,34.77450174,30.61729617,35.77094596,0,46.44785685,0.72547748,0.007181532,0,0.631757601,0.519459154,0.269027786,0,0.353186172,0.050783459,0,0,0.052313024,0.04927366,0.009873399,0,0.076658094,9.862350261,0.00022505,0,18.62610936,15.22881389,0.097314894,0,50.61931562,11990.43009,0.386233116,0,13285.43912,10318.67719,13425.73706,0,24310.57631,18.35133072,0.097183099,0,20.80679948,17.4456867,20,0,31.89320429
3,34.21343438,0.319735289,0,39.03393431,32.40526578,35.85330224,0,60.21597469,0.86063545,0.008187065,0,0.481873624,0.572332957,0.056416969,0,0.350716963,0.054836488,0.000120144,0,0.054079473,0.054801868,0.001531923,0,0.092500149,8.928844715,0.000339555,0,18.00470208,15.64887317,0.001875215,0,57.44199184,12549.26745,1.082677837,0,16561.58863,11512.84282,13489.1859,0,39932.30568,19.60426382,0.18028169,0,23.48635822,18.78343556,20,0,39.72944875
3,35.25826721,0.476981278,0,76.28306922,34.6738652,35.81969828,0,106.7402027,1.312842863,0.008213839,0,1.456256322,1.072550128,0.235880883,0,0.959689415,0.054034386,0.000455674,0,0.120099958,0.056605669,0.006716998,0,0.218660655,3.383927534,0.001624448,0,85.00608639,7.464984082,0.031799654,0,306.011898,13126.97508,2.436049375,0,63738.4496,12834.70173,13462.1728,0,129639.2213,20,0.285341788,0,45.70176955,20,20,0,74.77304309
3,35.16393794,0.528522025,0,62.3845202,34.53157,35.86666445,0,92.19564269,1.202668531,0.008597608,0,0.72302612,0.963970369,0.000208247,0,0.585678586,0.053648491,0.000643515,0,0.106701463,0.056218562,1.62E-06,0,0.17477451,3.943067396,0.002239497,0,67.99367962,8.218667356,4.72E-10,0,226.9346687,13076.41226,3.001946684,0,43017.31322,12757.38081,13499.99763,0,96705.96559,20,0.340956694,0,38.85130349,20,20,0,64.86480231
3,35.02473382,0.412162849,0,46.79418189,34.13656584,35.83694905,0,73.89029551,1.092931517,0.005714881,0,0.736838817,0.759653716,0.116186708,0,0.412209199,0.054743284,0.000444083,0,0.068382255,0.058174879,0.003744571,0,0.117046469,4.791906664,0.000706404,0,22.46812144,10.40081455,0.011105935,0,88.97857266,13001.985,1.80373151,0,23683.42461,12546.12682,13475.99956,0,60216.16549,20,0.239449693,0,28.16610886,20,20,0,48.9374548
3,34.94638829,0.444338728,0,49.10827822,34.16028179,35.84014274,0,76.56033756,0.977553995,0.00668174,0,0.672047361,0.688195395,0.117540311,0,0.365680966,0.054807179,0.00033953,0,0.068889759,0.056146193,0.003440024,0,0.114913319,5.199153523,0.000800819,0,26.56851339,10.07213167,0.008893173,0,103.5817045,12958.35388,2.096085067,0,26138.56156,12553.32509,13478.5098,0,64908.36668,20,0.241540455,0,28.82813122,20,20,0,51.01425965
3,34.24060465,0.178609726,0,37.96717378,32.79327742,35.73798756,0,49.53814244,0.955723806,0.002198489,0,0.612786339,0.651627298,0.300642589,0,0.28244184,0.061414413,6.33E-05,0,0.058550681,0.057749934,0.011795548,0,0.089013176,10.38747091,5.49E-06,0,23.45039637,17.19193902,0.158880049,0,54.07665614,12614.76407,0.334776465,0,15872.68246,11828.90615,13401.85014,0,27532.75573,19.84672986,0.1,0,22.17066623,19.35891417,20,0,33.83080993
3,35.03353468,0.541227643,0,60.94583455,34.36938666,35.84864556,0,95.40873227,1.072919022,0.005845779,0,0.986157553,0.838724936,0.076465163,0,1.184952698,0.052955283,0.000478108,0,0.099683542,0.053706679,0.002373647,0,0.15734295,4.681423798,0.001445607,0,63.11427591,8.867160434,0.004295049,0,229.6617635,13005.80375,3.119530388,0,41004.59539,12663.96024,13485.31942,0,103134.8257,20,0.303466949,0,37.10881633,20,20,0,66.00513284
3,34.80524385,0.261703397,0,42.72443821,33.84197886,35.79632859,0,54.87893041,1.00940382,0.007458202,0,0.636859642,0.672582852,0.225278158,0,0.291812935,0.058562636,0.000191598,0,0.062785458,0.060655161,0.007882485,0,0.097466884,6.389713991,0.000844682,0,24.3090294,12.39047241,0.056837736,0,66.25720607,12892.94858,0.746080315,0,19920.24897,12402.30848,13444.63429,0,33780.71758,20,0.133905474,0,24.69684362,19.99927378,20,0,36.89406996
3,34.64131814,0.215333333,0,40.73495526,33.59765566,35.76634575,0,51.97622657,1.052272862,0.00513179,0,0.592964241,0.725239484,0.288305468,0,0.245373951,0.061610682,0,0,0.067360304,0.062807109,0.010573031,0,0.095599166,7.94909975,0.00038135,0,23.66463518,14.57815431,0.108592109,0,65.39645596,12824.32093,0.49883313,0,18160.84976,12302.00982,13422.28436,0,30507.0711,20,0.106839286,0,24.10809723,19.99610365,20,0,35.99961284
3,34.81524619,0.246298943,0,40.56209042,33.85272434,35.8143179,0,57.01657682,0.944787886,0.007580175,0,0.577896115,0.657657524,0.183554471,0,0.360921045,0.049068389,-0.00020222,0,0.052026206,0.04867521,0.006086033,0,0.084338316,5.532697568,0.001193401,0,15.01809238,10.075071,0.03307151,0,35.48091859,12873.18634,0.67625563,0,17727.36965,12333.77582,13458.37745,0,35252.40763,19.88005383,0.1,0,22.82901482,19.56866824,20,0,35.99982402
3,35.17359315,0.344333333,0,59.80001898,34.50960774,35.78919294,0,78.23302553,1.16124234,0.007175582,0,1.026548462,1.001323853,0.351041233,0,1.05819004,0.052416178,0.000370381,0,0.100300823,0.057424001,0.01048073,0,0.159468828,3.793523895,0.000493836,0,52.79947741,8.607020867,0.081434424,0,165.497504,13079.30045,1.258844563,0,39194.30166,12753.76492,13438.81052,0,69683.73432,20,0.2,0,35.3420172,20,20,0,54.52477045
3,34.66800028,0.320108923,0,58.6585411,34.07565239,35.70998314,0,80.39693917,1.191925983,0.007330279,0,0.823802582,0.923454513,0.245724996,0,0.488784435,0.052405777,0.000252893,0,0.09655082,0.053475128,0.007964043,0,0.138494763,7.495327672,0.000816478,0,60.39703393,11.16386164,0.163678563,0,145.4042157,12833.742,1.100840024,0,38047.6382,12531.21374,13382.71761,0,72625.66611,20,0.166432498,0,35.20106662,20,20,0,55.05141134
