 labels,sensor1_integral_value,sensor1_max_gradient,sensor1_ mean_gradient,sensor1_variance_value,sensor1_wavelt_energy,sensor1_RSAV,sensor2_integral_value,sensor2_max_gradient,sensor2_ mean_gradient,sensor2_variance_value,sensor2_wavelt_energy,sensor2_RSAV,sensor4_integral_value,sensor4_max_gradient,sensor4_ mean_gradient,sensor4_variance_value,sensor4_wavelt_energy,sensor4_RSAV,sensor5_integral_value,sensor5_max_gradient,sensor5_ mean_gradient,sensor5_variance_value,sensor5_wavelt_energy,sensor5_RSAV,sensor6_integral_value,sensor6_max_gradient,sensor6_ mean_gradient,sensor6_variance_value,sensor6_wavelt_energy,sensor6_RSAV,sensor7_integral_value,sensor7_max_gradient,sensor7_ mean_gradient,sensor7_variance_value,sensor7_wavelt_energy,sensor7_RSAV
0,35.29002461,0.43534922,105.5081122,34.60033718,35.86666667,134.2621174,1.020976379,0.008993277,2.23425656,1.040462307,0,1.542779794,0.04578109,6.42E-05,0.172150614,0.053421315,0,0.263531068,2.695276852,0.001873769,215.2891169,7.74983415,0,538.1522255,13132.64138,2.047051747,123681.2646,12792.90379,13500,206863.9467,20,0.195701992,63.56284303,20,20,95.95773642
0,35.53085641,0.359047976,74.5340504,35.21952992,35.86666667,119.2577779,0.913000535,0.004343428,0.752504909,0.694600464,0,0.665615517,0.034511546,-0.000275668,0.095698794,0.036902007,0,0.13940609,1.169127762,0.000786595,63.11929242,2.537843578,0,197.1358737,13267.45506,1.381409735,60281.83053,13080.69756,13500,155738.2654,20,0.216513492,42.55715635,20,20,77.80050314
0,35.58970294,0.484170465,237.468715,35.37044218,35.86666667,310.5062127,0.957163682,0.011932528,4.019131909,0.817052419,0,2.670643184,0.032279771,0.000223375,0.429108804,0.034829701,0,0.692979226,0.911524839,0.001620193,1091.47005,1.882909412,0,3374.29448,13304.17081,2.515570884,626500.7556,13171.44477,13500,1123319.916,20,0.289490714,138.8511319,20,20,222.4376178
0,35.60167694,0.558366653,172.0857568,35.28010353,35.86666667,248.4536701,0.892119355,0.009769739,2.413788897,0.818391147,0,2.006396144,0.03060137,8.43E-05,0.297376104,0.036211367,0,0.463800467,0.818626855,0.001928469,561.1644568,2.356682438,0,1619.859807,13311.0597,3.335704451,328675.8126,13119.5031,13500,701214.1485,20,0.304755899,100.9606931,20,20,171.2077546
0,35.52834428,0.464252613,210.5135987,35.26397243,35.86666667,299.8942917,0.951439876,0.008499435,2.922029512,0.826155768,0,5.288897483,0.035093898,1.60E-05,0.380856103,0.037316682,0,0.635837471,1.217736422,0.00137309,1053.815867,2.476826026,0,4383.992892,13266.79837,2.307056847,498998.5595,13110.98051,13500,1089669.768,20,0.223693431,129.565415,20,20,232.8726034
0,35.3543462,0.409738541,160.9635292,35.15360435,35.86666667,239.6922495,0.997691438,0.008228714,2.351535075,0.764160766,0,1.374100077,0.040696943,0.000340995,0.265333503,0.035777189,0,0.428182261,2.238962536,0.001190692,461.75885,2.904078769,0,1329.840546,13167.93313,1.803236732,286572.7248,13044.78132,13500,646698.7183,20,0.275006976,93.47416217,20,20,163.6005538
0,35.55483261,0.500342417,141.8669388,35.44513492,35.86666667,213.37463,0.699494258,0.008523234,2.004096507,0.762625692,0,1.328970072,0.02796921,7.70E-05,0.222526119,0.029569734,0,0.354888505,0.905928525,0.001843909,278.251646,1.407550235,0,863.8958568,13280.29899,2.690183664,219940.9607,13213.9874,13500,506069.5465,20,0.280156323,81.06521595,20,20,141.7586871
0,35.61041949,0.526005176,186.9143467,35.46269743,35.86666667,263.4213479,0.88728506,0.005819004,2.566784673,0.73754983,0,1.947045874,0.029940325,0.000497665,0.321377468,0.030881908,0,0.49811917,0.781495697,0.000712449,677.6193588,1.339606298,0,2328.123234,13316.73397,2.926278687,388265.7991,13224.23061,13500,805151.4855,20,0.3190303,105.9867232,20,20,178.258535
0,35.42601914,0.443719323,110.7541753,35.31193824,35.86666667,176.1325333,0.790819301,0.012661391,1.750782412,0.62517106,0,1.283453323,0.031643715,0.000335211,0.157275628,0.027226266,0,0.263164709,1.547755037,0.002096003,159.6554262,1.76329684,0,453.5415919,13203.3165,2.137073787,133756.3306,13128.52158,13500,340319.4097,20,0.274449613,62.69204314,20,20,113.4183116
0,34.78342034,0.329979294,63.19278993,34.13317096,35.86666667,91.0326957,1.108017493,0.006500268,0.998976617,0.898887368,0,0.93880526,0.05149358,-0.000117136,0.099256571,0.055687445,0,0.131116224,6.479343537,0.000319662,68.7990956,11.06737373,0,143.2977508,12884.02881,1.152875552,44096.29161,12567.46323,13500,91652.64859,20,0.182988895,35.52718192,20,20,58.00379369
0,35.41599413,0.348644771,130.4539525,35.17316402,35.86666667,194.9266661,1.058669007,0.005399536,1.708237639,0.885172845,0,1.403819837,0.041336095,0.000212643,0.213635137,0.04038735,0,0.352089077,1.946281417,0.000717341,260.0649007,3.113465787,0,850.4959613,13203.60358,1.301749327,186803.0523,13063.42575,13500,426719.6126,20,0.214436473,74.99361064,20,20,131.765749
0,35.16288388,0.368011146,130.3620515,34.96156574,35.86666667,194.5218833,1.078862974,0.005726781,1.735208544,0.886853692,0,1.18542869,0.042902836,0.000239649,0.204197303,0.038267113,0,0.34899667,3.488623878,0.000290242,325.9338663,4.223296934,0,1006.162095,13066.66032,1.432923822,188768.608,12946.28662,13500,430363.6252,20,0.217328209,76.21791683,20,20,137.4015983
0,35.40321787,0.429898772,193.5177766,35.13475106,35.86666667,268.2571936,1.077559945,0.008811805,3.142568573,0.957255905,0,2.213809722,0.042115025,0.000322408,0.358443131,0.04211389,0,0.598573125,2.047431423,0.002039814,732.8665498,3.48031166,0,2431.618412,13197.00284,2.009419112,416425.2671,13046.32866,13500,835865.3152,20,0.276127988,119.5839744,20,20,203.5779433
0,35.12446586,0.656441562,302.9187755,34.98354214,35.86666667,392.252872,1.048738621,0.008541084,4.309609091,0.835860058,0,2.439311001,0.04075967,0.000611903,0.638033888,0.034773287,0,0.977012664,3.61019335,0.002268093,2747.641928,3.799339823,0,8405.970904,13043.63231,4.59387923,1052543.952,12950.42482,13500,1895113.515,20,0.366430067,194.1559495,20,20,304.5384393
0,35.03909379,0.311128895,70.00647944,34.91632808,35.86666667,132.5679651,0.727199976,0.006411019,0.597364193,0.548512525,0,0.344410067,0.028358345,5.06E-05,0.074936876,0.025710363,0,0.104239525,3.14129633,0.001051252,48.7829427,3.091571165,0,111.9163133,12972.59017,1.053669044,52964.6706,12883.40398,13500,188100.9725,20,0.196417572,41.18900089,20,20,85.29357989
0,35.37648819,0.409562762,158.5949851,35.12523631,35.86666667,228.4266488,1.052106265,0.007181532,2.480820491,0.964607009,0,1.269887547,0.043238212,0.000423919,0.271846596,0.042883829,0,0.436079323,2.193239083,0.00144413,447.2354721,3.569281292,0,1407.887236,13181.4129,1.810869971,278165.6332,13041.88191,13500,594037.7726,20,0.283441172,91.76165774,20,20,158.4866458
0,35.51978237,0.348143274,177.4322245,35.25727383,35.86666667,257.1679134,1.124293449,0.00483727,2.671568394,0.894047123,0,1.685012197,0.039206514,0.000261355,0.298259389,0.040502282,0,0.482665292,1.373156398,0.001162186,551.9248996,2.666025902,0,1748.341171,13263.16661,1.31347316,347865.7323,13110.5235,13500,751674.5585,20,0.233409202,101.2078441,20,20,176.6506327
0,35.57061244,0.501714226,255.9892948,35.34611108,35.86666667,340.5038774,1.041417267,0.008392337,3.664244065,0.831037663,0,1.823317665,0.034962108,0.000480201,0.494898609,0.036089482,0,0.763739535,1.052373105,0.000566427,1467.364903,2.040028966,0,4857.890801,13292.99614,2.660054948,734908.0429,13157.92056,13500,1378287.919,20,0.301373841,156.4425211,20,20,254.0887248
0,35.38964648,0.490336606,275.5932685,35.16087785,35.86666667,370.8526753,1.023496162,0.006649015,4.013518177,0.85210329,0,2.226245017,0.040939291,0.000550763,0.534499999,0.037961542,0,0.820452567,2.06633268,0.000933646,1907.589825,3.053673364,0,5796.273549,13188.25,2.554571367,858691.4566,13053.78554,13500,1636041.193,20,0.307952421,167.2182095,20,20,274.6212301
0,34.51140596,0.330641181,104.2498616,34.35887723,35.86666667,173.6602604,0.973519962,0.0075891,1.712557268,0.720681859,0,0.871690367,0.046876985,-3.60E-05,0.162417115,0.036850552,0,0.198357276,7.593192294,0.000987091,272.7715504,6.743159879,0,609.5046633,12727.50633,1.182784252,122948.6931,12595.54556,13500,336670.6687,20,0.203297,64.54174552,20,20,118.4612967
0,35.09747615,0.27869124,77.97830688,34.5588858,35.86666667,108.6966607,1.115639317,0.007184506,1.29817338,1.070268341,0,1.217290415,0.052040034,-7.77E-05,0.135753698,0.057038139,0,0.190286785,4.250753246,0.0006711,110.4969693,8.425525101,0,288.4527709,13038.81733,0.838368756,67308.03612,12783.33385,13500,133472.1614,20,0.172512794,45.23908281,20,20,74.6625333
0,35.31221687,0.326091152,131.9030729,35.02721158,35.86666667,184.8522532,1.135184744,0.008541084,1.69423157,0.916255132,0,1.184357708,0.04621129,-0.000105941,0.268679529,0.043594214,0,0.37469033,2.713047846,0.000798257,400.833608,4.111282665,0,1197.653028,13149.254,1.145320421,195636.4657,12987.67906,13500,398646.0497,20,0.173938927,87.51075843,20,20,143.6980098
0,35.35007981,0.315293806,224.974211,34.88436152,35.85018229,259.7058204,1.242634022,0.008541084,3.334842625,1.1560451,0.082379366,1.362676266,0.048046206,0.000299478,0.461657334,0.053098356,0.002347137,0.637639079,2.598452209,0.000647917,1380.228934,5.871543844,0.003954927,3525.640649,13172.32472,1.064458251,575857.269,12936.36233,13486.496,825246.1827,20,0.189001313,138.5545961,20,20,199.4309405
0,35.33838609,0.202993257,159.9436615,34.91484875,35.84798415,209.2761236,1.162176474,0.008550009,2.105411436,1.048911168,0.08514607,1.911197715,0.047144642,-8.49E-05,0.309661495,0.051391219,0.002540983,0.489413472,2.582283844,0.00088674,661.6989265,5.400312141,0.004789022,2307.522057,13163.74362,0.464343691,289873.7864,12943.94163,13484.75742,536702.8259,20,0.12482232,105.6194575,20,20,175.6755745
0,35.39522064,0.224644612,138.6236258,35.08547706,35.8572402,177.1866,0.972368656,0.004507051,1.706553817,0.846147439,0.041348843,1.317308264,0.039519149,-0.000185053,0.258847471,0.038681976,0.00120805,0.354008912,1.967447011,0.001497585,419.0905044,3.48052499,0.001210226,1092.686502,13189.9473,0.581168932,215214.5173,13012.16989,13492.29793,365748.7115,20,0.108734456,83.81860266,20,20,122.7361629
0,35.57861143,0.415860356,177.2136851,35.39113032,35.86399738,233.7342962,0.843148688,0.009478194,2.422172309,0.767686083,0.039953591,1.227434997,0.029765651,-0.00035976,0.289805559,0.032887058,0.000643989,0.47285754,0.893895718,0.003086396,637.0323152,1.70929613,0.000174686,1803.334831,13296.647,1.919639245,349900.3214,13182.13413,13497.69363,632918.626,20,0.2,101.3374624,20,20,164.8033951
0,35.47885454,0.259652645,151.3995432,35.23558184,35.86666667,204.4337151,0.96635033,0.006589516,1.820542036,0.764125067,0,0.65695841,0.036357316,-0.000373522,0.309194141,0.034634489,0,0.421047888,1.484291722,0.002195853,502.4817067,2.471017811,0,1366.320415,13237.9175,0.781676398,256882.3177,13091.36447,13500,484249.1181,20,0.105633216,101.1016927,20,20,156.6827764
0,35.33455308,0.271120664,157.7538838,34.97047074,35.86666667,203.6928667,1.03360802,0.00876718,2.719890522,1.159870887,0,1.669750699,0.044429448,0.000201184,0.283842028,0.051341064,0,0.442676332,2.447752158,0.00137114,473.071083,5.188605193,0,1378.082404,13158.12012,0.820419257,276185.0618,12977.39724,13500,480930.4625,20,0.195140522,90.96907425,20,20,143.7168844
0,35.2593182,0.192188691,70.7050002,34.9137719,35.86666667,113.6017025,0.853748438,0.005191289,0.60694056,0.698075207,0,0.538525614,0.04116866,-0.00029712,0.088960034,0.038672511,0,0.153614455,2.617987179,0.001452108,57.84065256,4.168907981,0,174.5502801,13110.12084,0.437291993,54295.38008,12909.67312,13500,141217.9323,20,0.098066533,41.88850135,20,20,77.24540915
0,35.45904151,0.414031138,246.0196402,35.17398128,35.86666667,315.194351,1.121294699,0.005920152,3.976527637,1.099928601,0,4.841732611,0.041876919,0.000228234,0.488213817,0.046353768,0,0.760528021,1.747123212,0.0008765,1373.349814,3.552165717,0,4632.051625,13228.70263,1.830611867,679228.8053,13075.06313,13500,1196451.491,20,0.256405488,151.2114503,20,20,236.9922383
0,35.53597894,0.426832352,228.7712908,35.31833984,35.86666667,304.2912382,1.005283513,0.007957994,3.453685964,0.936838817,0,2.439281252,0.036108323,9.87E-05,0.425483903,0.039774477,0,0.718095304,1.213512252,0.000695706,1160.1209,2.358538787,0,3968.596703,13271.7888,1.934383747,586388.9514,13145.80405,13500,1103563.513,20,0.242531071,143.2348893,20,20,234.4512967
0,35.59748101,0.463741992,181.4948152,35.42953775,35.86666667,257.6832286,0.814583209,0.008541084,2.594633189,0.725709526,0,2.707086333,0.029284767,1.91E-05,0.30609292,0.031401797,0,0.488001252,0.803789472,0.000540843,656.4593726,1.480443434,0,1955.227046,13308.14084,2.276734931,366631.2859,13203.9595,13500,761343.4081,20,0.267942599,103.6680944,20,20,175.670885
0,35.40970726,0.473528411,88.93440372,35.10846451,35.86666667,144.5874302,0.825087761,0.008341762,1.529621586,0.756830487,0,1.232284167,0.035403888,0.000131658,0.122026625,0.036026292,0,0.18444883,1.717684168,0.00186136,93.79626643,3.110500286,0,187.6414155,13194.83019,2.417989854,85922.18776,13018.41566,13500,225365.9098,20,0.292114453,49.14564186,20,20,90.57562619
0,35.46865711,0.470221475,109.5953728,35.04543165,35.86666667,166.6445983,0.90392991,0.008541084,1.713604451,0.850806212,0,1.749181888,0.035690189,-0.000154984,0.165046145,0.038964827,0,0.232419362,1.490881029,0.003288396,190.2182313,3.708149539,0,461.1135935,13230.96328,2.432593148,132076.3995,12990.27001,13500,306402.0084,20,0.274051054,61.85912711,20,20,106.2324543
1,34.43527391,0.299911624,166.8517685,34.17562615,35.86666667,223.5685804,1.151210805,0.008541084,2.268635093,1.002365086,0,1.077913964,0.050556878,5.93E-05,0.341897093,0.044943377,0,0.530085017,8.858067764,0.00058391,911.4396042,9.465842396,0,2472.437887,12712.73308,0.963017368,322021.905,12550.71003,13500,607125.0068,20,0.156575102,109.761638,20,20,175.1364748
1,35.313934,0.225434422,117.8415762,34.97635561,35.86666667,179.81071,1.116302731,0.005872553,1.435949307,0.926004046,0,1.548521449,0.046249193,6.76E-05,0.190401795,0.043812433,0,0.307671958,2.674241763,0.000369027,280.4361963,4.451027826,0,991.2404669,13149.23957,0.547057055,154750.4929,12961.6217,13500,372136.2287,20,0.13066504,68.70436966,20,20,123.9640819
1,35.11623702,0.162003471,67.62891746,34.60597668,35.86666667,111.0037615,1.083262926,0.008326888,0.619099185,0.784131612,0,0.36544297,0.05071249,-9.47E-05,0.107569377,0.050398137,0,0.14736816,4.03917801,0.000617752,62.24668163,6.91617744,0,208.0671874,13046.36092,0.298053865,49986.5556,12771.02121,13500,136181.9131,20,0.09468657,41.51621399,20,20,76.19907953
1,35.47698971,0.673883779,311.6460625,35.23462557,35.86666667,403.0212699,1.069349081,0.026527637,5.147715238,0.900984709,0,3.112631642,0.038773351,0.000294234,0.621601394,0.03797527,0,0.981242494,1.586153129,0.006731605,2277.611605,2.728097199,0,7893.732505,13238.47469,4.981116931,1092565.399,13097.18437,13500,1966677.433,20,0.311199307,189.5362777,20,20,295.7394404
1,35.23430862,0.174551734,72.64983313,34.92657012,35.86666667,125.0120749,0.898104956,0.007957994,0.867224966,0.728503005,0,0.408282263,0.040147293,-0.000249312,0.091312361,0.035893488,0,0.141064129,2.782537722,0.000585596,55.94598055,4.013440155,0,174.2051421,13097.56929,0.339933461,57154.15489,12915.33415,13500,169735.326,20,0.086595458,42.6722065,20,20,81.91451751
1,35.20307947,0.327893497,111.5165672,34.83820341,35.86666667,160.5505282,1.210644374,0.006589516,1.509558517,1.002287737,0,2.49396085,0.051657147,6.41E-05,0.184644769,0.049541637,0,0.318965863,3.633217008,0.000750381,280.5014049,5.746859977,0,1069.910163,13096.05825,1.15039939,139545.3315,12900.75372,13500,306140.3845,20,0.18715676,70.11350049,20,20,120.6516643
1,35.15868152,0.268060253,77.55761794,34.65301055,35.86666667,122.2519684,1.165838639,0.008481585,1.016201583,1.020271316,0,0.604182781,0.052973309,0.00015537,0.12568014,0.053305126,0,0.195808625,3.926400806,0.000844634,87.93314211,7.313994249,0,255.9872579,13072.43728,0.783400768,65919.41861,12816.46733,13500,165252.743,20,0.143721387,45.06399949,20,20,81.7648934
1,35.86613066,0.33775885,224.7883433,35.79271375,35.86666667,333.3984544,0.031879574,0.007642649,3.281379782,0.472249658,0,1.95939192,0.000288702,0.000102085,0.379129463,0.010771559,0,0.602337761,1.82E-05,0.000324558,889.7615177,0.072971862,0,3072.678375,13499.47191,1.209395241,558574.372,13441.16213,13500,1267845.731,20,0.19891033,133.071345,20,20,232.3178672
1,35.29269318,0.322465937,150.4379637,34.98521533,35.86666667,230.1321184,1.118569644,0.007972868,1.937424882,0.936847742,0,1.317784257,0.046341802,0.000296129,0.27784716,0.043830888,0,0.427208791,2.820212123,0.000600534,443.5862924,4.383616821,0,1305.741093,13138.31933,1.113520359,251777.0328,12965.89419,13500,599034.9297,20,0.203255099,92.03915128,20,20,160.7089124
1,35.41164554,0.493033518,268.7852235,35.14285595,35.86666667,309.0689703,0.92360921,0.012557268,3.918441721,1.009258047,0,2.854673648,0.035813263,4.74E-05,0.58077806,0.040991783,0,0.855324832,1.782318591,0.002701745,1948.459029,3.453277612,0,5622.386877,13198.02812,2.636934128,821401.9508,13051.91406,13500,1189937.777,20,0.233546385,176.0218958,20,20,252.7662644
1,35.22796236,0.275789512,126.1253291,34.89716753,35.86666667,198.3868866,1.156202773,0.00576248,1.806122449,0.952626882,0,1.103082049,0.049691696,0.0001016,0.19965831,0.044191706,0,0.333654848,3.348492096,0.000580745,276.0901007,4.976998398,0,882.7182755,13106.12292,0.818547653,175711.7846,12921.14504,13500,442106.6988,20,0.178644462,73.1771005,20,20,134.7162626
1,35.37605157,0.543944626,322.1263529,35.07439757,35.86666667,464.528213,1.238311418,0.012542393,5.320491462,1.081602904,0,2.627327899,0.047326312,0.000692844,0.692225153,0.047618618,0,1.192788829,2.414594179,0.001216226,2298.096505,4.210112878,0,10951.63914,13185.89646,3.141715948,1162937.563,13023.12107,13500,2629124.767,20,0.306917306,200,20,20,355.7045647
1,35.32305345,0.497298467,152.3808019,35.17520378,35.86666667,242.4136751,1.04001904,0.008228714,2.154923544,0.795394776,0,1.389807818,0.041433034,0.000324193,0.251558753,0.031825959,0,0.396737581,2.462412937,0.000511292,421.3636798,2.688420363,0,1242.830769,13151.68208,2.610312868,257154.675,13055.58166,13500,657639.2831,20,0.268765948,89.86345486,20,20,163.7804293
1,35.22101507,0.609997779,248.3973585,34.9984059,35.86666667,348.0978136,1.227809841,0.008541084,3.866683525,1.046168263,0,2.17819956,0.050641686,0.000739341,0.470477391,0.045362801,0,0.774835772,3.509626899,0.002069351,1441.192958,4.558572749,0,4541.675416,13105.72953,3.970909199,693852.7487,12980.34833,13500,1422235.93,20,0.374294245,148.0919825,20,20,254.3528401
1,35.31070163,0.331348863,187.0974275,35.12239023,35.86666667,279.7402672,1.164731957,0.006232522,2.546566907,0.907261855,0,1.52971976,0.046825309,0.000138831,0.334184632,0.040153959,0,0.538151321,2.759339864,0.000990086,713.3997397,3.410258659,0,2220.590075,13149.2835,1.186522258,390249.7917,13036.07274,13500,894736.3557,20,0.211274645,112.3953162,20,20,197.4293449
1,35.34038924,0.470853474,320.0429661,35.06380784,35.86666667,456.6706301,1.11302731,0.008246564,5.193294461,0.910730648,0,2.669988695,0.04453626,0.000453019,0.676878053,0.040366051,0,1.086342992,2.489714648,0.000806944,2392.689114,3.749787907,0,9511.763445,13163.66088,2.353811487,1152241.176,13004.26412,13500,2504938.126,20,0.279778882,199.9999532,20,20,343.1274125
1,35.14904328,0.553422879,106.4497711,34.88586083,35.86666667,189.9324143,1.094713512,0.009284822,1.406497293,0.870806807,0,0.796424109,0.048766079,0.000612179,0.159276481,0.041885865,0,0.236670567,3.77749772,0.001780958,171.6972826,4.763328349,0,446.9579284,13062.86483,3.27249916,124397.3128,12907.21379,13500,393302.9315,20,0.281782239,61.83287312,20,20,122.857385
1,35.36527217,0.382865731,227.3632744,35.0274415,35.86666667,317.4922114,1.223511037,0.005952877,2.857490926,1.067465937,0,1.47575415,0.047284895,0.000208919,0.454715683,0.047619411,0,0.740128893,2.468020317,0.00028593,1284.835685,4.506552862,0,4326.688453,13179.71722,1.548677744,584100.7793,12998.56564,13500,1202068.915,20,0.222991091,146.6065803,20,20,246.6190127
1,35.33529196,0.391049226,288.2534068,35.0549353,35.86666667,403.6640731,1.289962516,0.008392337,4.379297317,1.054688523,0,2.482061046,0.049870083,0.000355077,0.540826783,0.047139794,0,0.888175121,2.761825451,0.001247055,1986.944388,4.282739163,0,6259.183323,13165.69043,1.648589639,935907.0543,13011.54934,13500,1917536.198,20,0.262965046,171.1730804,20,20,292.8900902
1,35.43140789,0.487754725,327.7808828,35.10140695,35.86666667,455.4421241,1.268569644,0.019875647,6.368911763,1.182599512,0,3.384809901,0.045701405,0.000350372,0.708712893,0.051135462,0,1.201443843,2.058781769,0.00410673,2135.068521,4.293346053,0,10701.44359,13216.11483,2.628001898,1195721.776,13043.58414,13500,2532283.201,20,0.221168996,200,20,20,342.1282648
1,34.89753807,0.400350251,222.739183,34.50930132,35.86666667,302.753756,1.334771226,0.008124591,3.085526864,1.095079431,0,1.757095258,0.058274242,0.000363859,0.445219166,0.053203196,0,0.714118236,6.327154577,0.000754274,1378.41618,8.453093701,0,3908.593646,12957.99087,1.708692241,565463.9155,12750.92581,13500,1092172.076,20,0.247222024,143.0374331,20,20,231.4997675
1,35.1911098,0.191407251,103.8280778,34.76181192,35.86666667,173.5000407,1.192553698,0.005042542,1.153198072,0.900386744,0,0.891860534,0.051807503,-0.000250865,0.176451291,0.048962877,0,0.249235327,3.706291117,0.00064332,183.9860747,6.016634175,0,536.6351644,13089.62281,0.407491138,119059.7276,12854.64792,13500,333757.0357,20,0.12081812,64.68283453,20,20,119.2982887
1,35.25928149,0.365510581,171.6523852,34.90083562,35.86666667,255.2119859,1.290212411,0.006193848,2.363217707,1.051365502,0,1.124501696,0.051725251,0.000286973,0.311702047,0.049560809,0,0.481710112,3.32661698,0.001150262,627.3376584,5.392794441,0,1938.15954,13127.1793,1.44267152,329394.8639,12934.54471,13500,747808.9357,20,0.241791356,103.9970117,20,20,181.8693326
1,35.14579435,0.392029274,256.2960337,34.87617778,35.86666667,357.5854081,1.327631344,0.008228714,3.807395728,1.125230559,0,2.120098768,0.055503406,0.000338781,0.497306314,0.050242668,0,0.790473987,4.295624855,0.001714613,1637.363965,5.715718762,0,4966.299336,13073.59786,1.671534283,742234.6208,12926.89751,13500,1506860.144,20,0.273314607,157.0708603,20,20,264.1317266
1,35.43580403,0.498410424,102.0745668,34.9594395,35.85470913,120.1076438,1.259210448,0.016427679,1.692592372,1.248649372,0.107734872,0.979948831,0.046073792,0.000434949,0.179824037,0.057703481,0.00223973,0.2547348,2.005820563,0.002893441,197.4728767,5.674031366,0.002691751,571.1214174,13217.47554,2.694317756,115618.6882,12981.76296,13489.9796,170264.49,20,0.228062754,59.16422584,20,20,84.78120619
1,35.0321925,0.304378612,177.5530513,34.57580268,35.85532246,218.8707848,1.323936455,0.010739573,3.551442851,1.149764979,0.044005474,1.597608139,0.05678161,0.000362195,0.334290794,0.053554989,0.001405345,0.512118187,5.189774281,0.000490247,756.7311821,8.150202693,0.001653212,1928.593328,13019.2892,0.987568621,355167.3373,12788.41919,13490.75904,566582.0316,20,0.183617825,104.0540046,20,20,158.5533241
1,35.46359846,0.410196644,259.9461446,35.077525,35.86666667,323.3759642,1.169006961,0.010831796,4.505702981,1.055116916,0,2.805527459,0.04278451,0.000539226,0.485734581,0.047664278,0,0.784242236,1.756310746,0.000954723,1430.42449,4.156846846,0,4333.982488,13231.84927,1.7966017,754774.1936,13023.62432,13500,1240858.868,20,0.255550797,151.7139387,20,20,235.7314801
1,35.23020676,0.231016977,102.327352,34.88068817,35.86666667,153.9757371,1.11757006,0.009460344,1.352838103,0.939004581,0,0.882162194,0.047961134,0.000147282,0.158485034,0.044554705,0,0.261118383,3.251651012,0.00183826,173.1683949,5.059360923,0,527.5122665,13105.57661,0.623717249,115381.9769,12911.73892,13500,266176.39,20,0.165946701,59.25474178,20,20,104.6070945
1,35.41096035,0.601685587,327.5330174,35.16787735,35.86666667,561.9531699,0.950092223,0.022109835,6.685913607,0.948099006,0,7.558130541,0.037237857,0.000670179,0.697910284,0.037826732,0,1.598640888,1.833091818,0.004800203,2252.468444,3.125348339,0,19811.01314,13198.43018,3.952491832,1198034.224,13061.2097,13500,3975284.722,20,0.297257682,200,20,20,422.2211738
1,35.14310436,0.639555741,313.3638141,34.89493638,35.86666667,409.275651,1.289260427,0.016216457,4.726596061,1.152320462,0,2.517076218,0.053899048,0.000827719,0.697368689,0.049735295,0,1.183490124,4.220618262,0.002340491,2637.031938,5.607639109,0,11059.9575,13070.09796,4.361999877,1116168.19,12937.20207,13500,2127316.467,20,0.361936634,200,20,20,338.0090229
1,35.43043141,0.276056584,297.5264795,35.18673303,35.86666667,401.5388576,1.078624978,0.005777355,4.940441483,0.934015589,0,2.976081395,0.041818742,8.41E-05,0.583358499,0.04070319,0,0.896432483,1.890036067,0.00125109,2086.582292,3.103774324,0,6064.643498,13212.19488,0.843220234,996040.697,13072.8719,13500,1892936.754,20,0.195983397,180.2084639,20,20,292.3341297
1,35.55802477,0.412879713,281.1323141,35.335838,35.86666667,381.9913108,0.927809841,0.008047242,3.842360326,0.756753139,0,3.409412745,0.033340672,0.000197316,0.53610969,0.03345102,0,0.851940219,1.049690284,0.00066147,1892.429078,1.961390649,0,6255.421813,13284.43146,1.809805479,890315.3271,13149.21854,13500,1738820.652,20,0.237984173,169.0017949,20,20,279.6549409
1,35.61167942,0.386158446,324.3573464,35.42200647,35.86666667,492.5617296,1.01091212,0.006125424,5.469105135,0.850505742,0,2.852531683,0.032204472,3.94E-05,0.682407407,0.035147502,0,1.24472993,0.828741834,0.00047791,2090.615512,1.670236642,0,12848.94213,13317.97717,1.580656849,1171082.493,13202.50202,13500,2974027.998,20,0.2189258,200,20,20,379.2038436
1,35.27264971,0.227641082,246.815466,35.18043226,35.86666667,349.0901918,0.995951092,0.008538109,3.781213185,0.755649432,0,2.216397929,0.0408247,-4.21E-05,0.454157263,0.031531505,0,0.727289004,2.697707176,0.001194242,1423.166655,2.604147494,0,4067.643037,13122.58863,0.584980323,685115.384,13056.88665,13500,1413560.91,20,0.148617318,147.2027427,20,20,249.4792135
1,35.24358634,0.221558815,81.41948351,34.93068261,35.86666667,145.0653347,0.916177783,0.005830904,0.70058904,0.724335098,0,1.497471292,0.042433609,4.91E-05,0.109268063,0.037978422,0,0.16148309,2.804867141,0.000431143,100.5096191,4.081087488,0,331.4564536,13103.93696,0.530972956,72764.74929,12919.47524,13500,231750.8437,20,0.139007221,47.85861148,20,20,94.86697696
2,35.21265374,0.416038159,79.64662522,34.73862169,35.86496466,113.6256195,1.073906706,0.006485393,1.17786934,0.933126078,0.024120902,0.765871363,0.047761272,0.000274919,0.126481537,0.047054843,0.000387184,0.196236136,3.306189248,0.001086751,99.15200737,6.104911881,6.38E-05,312.08901,13094.629,1.854441471,69720.2328,12841.87082,13498.53786,145751.6321,20,0.264328495,45.02809745,20,20,75.32432999
2,35.16347704,0.656752167,84.28384746,34.77870586,35.84571823,121.9175191,1.118203725,0.006544892,1.224590944,0.986505623,0.054504076,0.824120902,0.048881143,0.0006097,0.112848372,0.047451227,0.001665873,0.187687229,3.719070085,0.001831405,119.8374706,5.980037198,0.004168131,284.1123636,13071.44277,4.580823938,78330.9822,12866.50195,13483.36987,165238.7786,20,0.382035989,44.4624893,20,20,78.04307478
2,35.26642601,0.397671903,77.87626481,34.85672942,35.86563224,115.0350834,1.089287202,0.004670673,1.074820015,0.865576843,0.007598025,0.572588802,0.045603937,0.000131085,0.118826591,0.044162254,0.000181252,0.183576949,2.940337625,0.000866622,76.64632256,5.108600617,1.94E-05,213.7605876,13123.32462,1.69089553,66052.2683,12896.10996,13499.13167,145868.8393,20,0.256259674,45.19143432,20,20,76.80274567
2,35.13985294,0.385020527,101.2816843,34.80643182,35.8559954,145.2589245,1.144172071,0.005310287,1.925947522,1.000544416,0.051258404,0.998363777,0.048207383,-6.61E-06,0.153240945,0.046542126,0.001482132,0.255067553,3.8855818,0.000477614,157.2352108,5.762762624,0.001636854,425.1263828,13059.95484,1.573009848,112608.8312,12879.91004,13491.24341,235333.0686,20,0.229515368,56.65331355,20,20,96.29571012
2,35.46771252,0.505000535,134.8873067,35.13067694,35.86666667,185.2481498,0.984690903,0.005262688,2.0348218,0.921577319,0,0.837716428,0.038259929,0.000368784,0.234196829,0.042433289,0,0.390404792,1.574130121,0.000505692,334.6357912,3.472713188,0,1220.882908,13231.56051,2.691097821,201623.1669,13042.96722,13500,400651.7614,20,0.291589688,81.25629278,20,20,136.2060971
2,35.38954773,0.338672498,83.87498046,34.91350806,35.86666667,126.7488459,1.058097816,0.006604391,1.072187184,0.906161123,0,1.097816386,0.04251563,-3.55E-06,0.134111889,0.045732532,0,0.204413174,2.107890007,0.000182254,95.88229612,4.8904426,0,268.6575947,13188.66664,1.210338809,76860.12669,12929.32732,13500,177410.5752,20,0.198873122,50.23912287,20,20,84.3225601
2,35.15482787,0.293152298,55.65442389,34.53252587,35.86666667,92.46571012,1.008564884,0.006854287,0.607059559,0.788736836,0,0.279288392,0.049068532,-0.000129807,0.074920293,0.049979473,0,0.098184178,3.623447642,0.000672036,30.36077324,7.334278389,0,77.94328066,13061.93067,0.926552274,33451.16719,12732.19105,13500,92273.59976,20,0.178165201,32.22712259,20,20,59.35829387
2,35.19775494,0.439666667,98.30127086,34.79693445,35.86500831,138.6247684,1.224629619,0.006904861,1.31335753,1.066329506,0.00669364,0.904028084,0.051943987,0.00037037,0.166658161,0.051681024,0.000193702,0.261685277,3.69742271,0.000830121,166.1644575,6.268169664,3.55E-05,544.3616786,13094.09367,2.056799515,106694.4123,12886.85943,13498.64653,219605.8982,20,0.269501893,56.25437414,20,20,94.2924251
2,35.03831326,0.373325598,57.4107717,34.41155596,35.86666667,91.0377672,1.057943119,0.004325579,0.836300351,0.854141132,0,0.417950854,0.05307892,0.000202451,0.074639381,0.053578249,0,0.123824399,4.614205274,0.000489344,37.52025959,8.67628824,0,109.1590132,13007.02914,1.479926282,35763.96689,12687.86189,13500,90537.54269,20,0.235874053,32.8451223,20,20,59.11513228
2,34.94876655,0.383429742,53.93466655,34.10848252,35.86666667,85.60342576,0.926497888,0.005938002,0.686657345,0.699015291,0,0.338549414,0.046141026,-9.63E-05,0.083019906,0.049071892,0,0.104091329,4.724221481,0.000496428,36.53871632,9.840739969,0,68.87262901,12949.14598,1.559596074,31688.34989,12512.77063,13500,79131.95347,20,0.204172892,32.03759156,20,20,54.84759871
2,35.27386936,0.332758989,77.22200795,34.77905879,35.86385203,117.9589098,1.15817219,0.005203189,1.097432617,1.007687273,0.016903671,0.763104659,0.049972741,2.09E-05,0.110590153,0.052520378,0.000443741,0.191242626,3.037342196,0.000185167,81.19495951,6.34569937,0.0001279,263.3019103,13129.52589,1.169094818,65121.25281,12876.00384,13497.6592,154627.7366,20,0.199472638,42.751961,20,20,77.51876691
2,35.11321437,0.374592809,108.624429,34.62229587,35.85264564,154.4499034,1.296263462,0.007142857,1.857821146,1.093493782,0.062212173,0.921996787,0.055833835,0.000277078,0.184892593,0.055574683,0.001849835,0.285551214,4.501253566,0.000246876,221.5662392,7.854517487,0.00272026,686.8379973,13056.35392,1.481877731,130878.0025,12810.95281,13488.55125,272944.9215,20,0.228790988,63.36959843,20,20,106.1882825
2,35.16337582,0.385161302,75.33697836,34.6101715,35.86662571,110.8553291,1.221526745,0.005313262,0.988632713,0.987793776,0.002219313,0.540280835,0.053669315,0.000156196,0.13249324,0.053250299,2.09E-05,0.198851779,3.98251703,0.000410356,82.5472963,7.532084786,1.00E-07,242.6434898,13077.27878,1.570329125,62189.37722,12792.85025,13499.9601,136997.2704,20,0.214664916,46.86644616,20,20,78.12712426
2,34.83970032,0.393053252,59.7597076,34.20449218,35.86449584,93.63333155,1.147274945,0.005801154,0.727161302,0.814461236,0.006595466,0.482150295,0.057145898,0.000311378,0.081921587,0.053440718,0.000189802,0.133333333,6.406330926,0.000737477,49.15325764,10.00136975,4.94E-05,146.5610908,12919.30591,1.646446022,39031.50283,12584.05707,13498.25503,96813.49594,20,0.250679672,34.67229365,20,20,61.72968088
2,35.32711279,0.491736479,108.5819359,34.87173569,35.86644702,156.854632,1.210436128,0.005905278,1.542488249,1.134185161,0.003694889,1.005325162,0.049133132,0.000387471,0.18132285,0.054610876,5.68E-05,0.30412229,2.725954143,0.000667001,213.7055565,5.999057387,1.29E-06,731.5604257,13158.97938,2.558912735,130515.8715,12930.56158,13499.80838,282337.0998,20,0.297435173,62.63448354,20,20,108.7131888
2,35.34811063,0.418654509,113.8358073,34.88269663,35.86649584,166.6846649,1.29453204,0.005860653,1.831552329,1.10639317,0.004997918,1.104807521,0.049656371,0.000312535,0.195644187,0.052928487,6.00E-05,0.321303623,2.67627519,0.000850376,206.3521862,5.795102223,1.10E-06,676.1430935,13172.46068,1.868813054,142516.4456,12932.73714,13499.84472,313824.7578,20,0.270198869,66.89607265,20,20,115.1357801
2,35.31081787,0.471221832,110.8719968,34.90182273,35.86666667,168.390755,1.245724996,0.006006426,1.590164812,1.105381686,0,0.867406438,0.050191223,0.000525123,0.178255324,0.051420473,0,0.297545776,2.875599408,0.002671437,205.940304,5.582100513,0,708.5525198,13151.23192,2.422184837,135538.9959,12940.43547,13500,320911.1751,20,0.328921719,64.12730661,20,20,114.3388436
2,35.1580457,0.390618532,68.86979146,34.67241185,35.86666667,110.1158396,1.069554352,0.006030226,0.773579461,0.832066996,0,0.40242161,0.051006679,0.000279678,0.092891674,0.049661759,0,0.152209727,3.746187331,0.00100247,54.91787781,6.522299828,0,171.4047383,13067.21779,1.637205832,51499.60042,12806.36569,13500,132890.9993,20,0.263355057,41.25299469,20,20,74.5917831
2,35.16619309,0.367891295,87.36838296,34.69535697,35.86174386,130.6937068,1.153114774,0.004364253,1.216983995,0.966549652,0.060058309,0.812161599,0.051704955,0.000310298,0.146407471,0.051665367,0.001069616,0.245786919,3.815010384,0.001213767,117.6345447,6.771600459,0.000530769,363.1878858,13074.99384,1.463699292,83851.02835,12830.05491,13495.79922,191279.6445,20,0.250704142,51.18126879,20,20,88.5912166
2,34.78900424,0.24592047,59.30268539,33.840945,35.8657155,79.97651693,1.174001904,0.006773963,1.003977509,0.880737193,0.002915452,0.499524008,0.058232097,-0.000170894,0.098419574,0.06332313,0.00010301,0.146910128,6.892759458,0.000409891,60.28882367,14.23526008,1.02E-05,156.0915978,12898.00902,0.649418385,38819.94916,12461.78123,13499.22728,72261.5489,20,0.139104515,34.82051157,20,20,54.95606291
2,35.22378703,0.388281093,76.57361342,34.72067,35.83537357,117.525658,1.114812281,0.007960969,0.89090855,0.86030523,0.120875231,0.54123282,0.04838274,0.000358173,0.107659441,0.047521282,0.003832376,0.185009883,3.306695624,0.000940975,76.36878303,6.113312447,0.01237363,259.581576,13102.44403,1.61578346,63941.43825,12828.88235,13474.79024,153506.262,20,0.249295775,44.35693897,20,20,79.61954233
2,34.93106971,0.403540152,86.43004615,34.40504008,35.76304861,133.7290379,1.167326114,0.007181532,1.144433867,1.030522996,0.278137086,0.725679776,0.055617038,0.000256077,0.137263321,0.054068995,0.010475651,0.222217595,5.67436537,0.00058771,127.5399136,9.121466249,0.111892851,386.8269728,12962.3877,1.729198598,82458.23593,12697.81868,13419.93453,200431.6603,20,0.249127753,50.83710443,20,20,91.30323717
2,35.24578614,0.652666647,85.11025719,34.70610944,35.80184564,134.3024508,1.132028322,0.008541084,1.04754864,0.958228714,0.306625216,1.300291545,0.049793759,0.000740774,0.134619085,0.051676319,0.00894906,0.201877635,3.196037881,0.002526411,116.7403451,6.676939872,0.057905018,322.9511781,13114.19103,4.549363365,79732.39925,12834.70171,13448.39335,199882.5217,20,0.380837796,50.36912705,20,20,88.85876777
2,35.16665249,0.233117332,87.10592916,34.63255812,35.7504606,128.5794328,1.118971262,0.005384661,1.127390373,0.963893021,0.388207295,0.475992146,0.050169693,-0.000190628,0.136389445,0.050529409,0.013177369,0.214705072,3.72894641,0.000914869,126.7358953,7.122712269,0.1587876,388.0856492,13073.38836,0.602892462,83668.81936,12796.97387,13410.59487,186374.2324,20,0.150309437,52.73246116,20,20,90.58267724
2,34.82137663,0.187060352,56.74858751,34.10035333,35.73461425,90.91401599,0.971910513,0.003430118,0.606934611,0.659632891,0.401511275,0.374873565,0.053747678,-0.000219805,0.078580728,0.053443924,0.014437481,0.113469256,6.013475994,0.00100929,40.07506667,10.00490345,0.194749542,112.417025,12894.98449,0.402916412,35067.99865,12510.00375,13399.17572,90462.69828,20,0.111678233,34.3570454,20,20,60.89593454
2,35.00162678,0.320690526,71.58420363,34.42335749,35.73280827,109.3806021,1.192854168,0.005060392,1.047810436,0.922481704,0.499934551,0.564913429,0.056536199,7.36E-06,0.112542096,0.055220058,0.016390106,0.169524933,5.21293969,0.000452665,71.05937767,8.88998524,0.221225797,183.2019364,12997.97984,1.095508577,56026.6952,12702.50351,13397.72051,131564.0116,20,0.198655993,42.52271941,20,20,73.07082059
2,34.98830799,0.31600123,86.23630158,34.31323468,35.86666667,111.0508968,1.231867674,0.007598025,1.57182424,1.060436128,0,0.936157553,0.056514536,-1.73E-06,0.154327331,0.057949554,0,0.244719793,5.379621149,0.001087702,146.7697497,10.2796113,0,441.4439073,12993.77052,1.085536688,82742.47157,12668.4116,13500,144050.9623,20,0.168645023,51.86033469,20,20,80.45061623
2,35.25010105,0.373394855,104.7598874,34.71449932,35.86127935,136.3110454,1.268879038,0.006425894,1.538602963,1.104206581,0.036734694,1.012435295,0.050968236,9.57E-05,0.185849415,0.054162287,0.000877126,0.306357801,3.3485919,0.000371248,208.9066422,7.065784887,0.000470392,670.7294843,13121.59492,1.4754452,121838.9598,12852.2213,13495.51611,217204.235,20,0.202778772,62.45229721,20,20,98.08984771
2,35.20750124,0.370652288,130.3664677,34.75821537,35.86592035,169.980522,1.205387636,0.005176415,2.168063902,1.070199917,0.012393646,1.124323199,0.051243221,7.06E-05,0.229709689,0.051327886,0.000192369,0.368701974,3.584083233,0.00026106,353.9990824,6.526687583,1.48E-05,1080.105929,13097.92771,1.450679465,189656.3472,12867.55436,13499.34948,338915.61,20,0.221229082,75.36962491,20,20,120.2587168
2,34.623948,0.321965193,75.65039148,34.19207576,35.8666624,109.7122522,1.162060451,0.005830904,1.257434402,0.959573392,0.00059499,0.605908253,0.056106902,8.92E-06,0.123394992,0.052082289,4.08E-06,0.192678205,7.997983427,0.000541723,116.8566561,10.2141063,2.55E-09,304.2720318,12816.60373,1.106935602,63809.82941,12583.18157,13499.99504,136362.1668,20,0.201768043,44.23399238,20,20,75.18574755
2,34.90347214,0.369390294,58.54163188,34.29313683,35.86666667,87.00040796,1.048610698,0.002585232,0.859989885,0.826230142,0,0.496430059,0.052086642,9.57E-05,0.084290761,0.050426333,0,0.131457241,5.514541789,0.000171811,48.01623741,9.076739163,0,119.6005687,12939.0425,1.438004877,37486.01561,12618.27371,13500,83347.9909,20,0.222801365,33.55072492,20,20,56.89871507
2,34.64477575,0.38818292,53.58689213,34.06760046,35.86613286,79.85988199,0.989837568,0.007764622,0.667248765,0.747114298,0.007526626,0.375319807,0.056056559,0.000233853,0.07206066,0.053067241,0.000126083,0.111138106,7.488465791,0.000669587,39.33279181,10.61354804,6.90E-06,100.0113528,12814.77079,1.60506828,31386.55466,12507.32239,13499.5391,70207.1653,20,0.251569475,31.01354935,20,20,52.11252354
3,35.21795978,0.461333333,82.0455578,34.68409694,35.81492198,107.3692329,1.143987624,0.008541084,1.205741655,1.096626406,0.219060511,0.598351877,0.049113872,0,0.146244113,0.052608426,0.006760609,0.228377396,3.396469448,0.001623293,121.7827886,7.182371289,0.035188217,363.9829655,13100.66609,2.284367138,74538.29459,12834.95304,13458.61728,133020.4574,20,0.208596184,49.70183642,20,20,77.21604932
3,35.02927292,0.188666667,48.40669919,34.25551457,35.76817374,69.97887606,1.134771226,0.004194681,0.79879217,0.868403046,0.358951627,0.440887725,0.056278557,0,0.07549912,0.059439541,0.011879056,0.111277378,4.892115471,8.13E-05,27.05852299,10.31919323,0.11894754,77.26748868,13007.72011,0.376139697,25432.85224,12627.55211,13423.38035,53910.64862,20,0.106458577,27.96350431,20,20,46.14007661
3,35.17007251,0.349660856,64.38414627,34.51599056,35.79748123,88.70250312,1.187073838,0.005429285,1.062923187,1.053685964,0.294912834,0.54182781,0.053278892,0.000368949,0.105981646,0.058198072,0.009074162,0.170701471,3.862216985,0.000352525,59.57510225,8.74194133,0.063346618,188.3507908,13078.4721,1.292751038,45374.09488,12762.41309,13445.18004,88761.80978,20,0.2,37.516186,20,20,60.87285227
3,35.02659406,0.348333333,53.38999853,34.29121445,35.8137317,74.35194978,1.090741953,0.008541084,0.750693164,0.83273636,0.192387101,0.854495151,0.05278559,0.000370381,0.088487248,0.055154213,0.006334805,0.142391838,4.737892041,0.000465446,41.6747629,9.571543962,0.03421989,150.4900004,13002.68857,1.286830935,31242.60314,12630.63073,13457.86491,63010.27143,20,0.2,34.1604474,20,20,55.8788424
3,35.21228163,0.48820545,94.35794512,34.67333799,35.81699292,128.0576042,1.173192717,0.008541084,1.425084786,1.128455405,0.150954959,2.014607009,0.05078596,0.000608873,0.172655353,0.054659886,0.005158807,0.279910928,3.494998959,0.002753786,188.6666797,7.476544235,0.027127998,684.1132722,13098.78793,2.587477327,99499.03669,12835.73808,13460.64268,194782.0979,20,0.291743464,56.5653088,20,20,91.51805879
3,35.16305621,0.568808691,113.5601649,34.65397116,35.84746923,147.5422358,1.200077349,0.011620158,1.755366811,1.139888142,0.055384661,0.876480038,0.051587169,0.000688646,0.222688232,0.053973752,0.001982331,0.347628193,3.894311831,0.002776776,285.9208608,7.59249461,0.003983551,891.3591449,13075.33142,3.479931048,144556.981,12826.03018,13484.57831,258064.8943,20,0.300871703,70.58164288,20,20,110.3578673
3,35.17004096,0.346332639,56.52533694,34.49981827,35.86666667,85.34902402,0.986163503,0.00546201,0.723377164,0.775105611,0,0.785387041,0.045756552,0.000370293,0.081980249,0.048406065,0,0.130364443,3.412706274,0.000431156,43.93575676,7.433715932,0,155.7163677,13067.97422,1.271172858,34929.52659,12712.85905,13500,81585.58548,20,0.2,33.54392335,20,20,57.82962247
3,34.98438835,0.349246941,69.82192868,34.41242336,35.86516842,100.9908978,1.167968704,0.008541084,1.150080324,1.019923246,0.005423336,0.698012733,0.053108857,0.000301329,0.111375419,0.052687934,0.000160085,0.184137892,5.172435449,0.000402682,76.87371539,9.016062034,2.70E-05,227.5597342,12986.00962,1.291718574,53597.06974,12700.30472,13498.78324,114505.7238,20,0.2,40.44420878,20,20,68.515859
3,35.16807422,0.503997779,107.8518311,34.64486462,35.83859295,145.8468107,1.314972928,0.009844113,2.043083239,1.23396204,0.107836021,1.08362587,0.055559203,0.000740278,0.202431317,0.058046989,0.003494763,0.33096384,4.091443329,0.001785991,214.6370313,8.120270489,0.009943122,681.6713364,13083.15494,2.720064624,128909.7111,12834.66396,13477.32467,245749.268,20,0.3,65.08305954,20,20,105.3647943
3,35.20106997,0.583113603,102.5772209,34.69665245,35.86535095,141.1274618,1.250157672,0.008392337,1.430728268,1.088543464,0.009252097,0.65335872,0.053562669,0.000812095,0.192121955,0.056152771,0.000224554,0.303277184,3.732695976,0.003797057,221.6802565,7.320587931,3.03E-05,759.5573208,13096.75417,3.68799199,117544.2301,12846.62446,13498.898,234248.4235,20,0.322571665,63.62571137,20,20,105.2559773
3,35.26411388,0.482691061,70.9556625,34.70506251,35.86666667,107.7841155,1.093541382,0.008541084,1.172684001,0.993267686,0,0.5212114,0.047573531,0.000370877,0.108840893,0.051675514,0,0.179995989,2.992822988,0.001645348,70.12434977,6.770938195,0,231.9916534,13122.27036,2.49527851,55050.14748,12837.02312,13500,129537.249,20,0.267306798,41.42311034,20,20,72.66484035
3,35.22030638,0.534951607,263.0121006,34.63631287,35.86666667,305.4469868,1.34879812,0.015398346,4.998420301,1.392886892,0,2.460998394,0.053662209,0.000209921,0.529849445,0.06252462,0,0.787595226,3.70929888,0.007021669,1773.470041,8.840909996,0,4217.96071,13109.95298,3.233692529,783093.8051,12849.76819,13500,1118867.619,20,0.223841592,155.7621088,20,20,226.8157374
3,34.90090494,0.308180441,46.22269991,33.90094383,35.86666667,69.91447631,0.99908074,0.007514726,0.948557149,0.697090498,0,0.332926757,0.056444978,0.000171401,0.070425275,0.057736139,0,0.110147117,5.534286551,0.000545187,31.34195362,11.42414928,0,79.16805123,12935.34865,1.013305868,23412.93173,12412.64641,13500,53888.45634,20,0.177025921,26.75679617,19.96128173,20,46.59943836
3,34.40439404,0.377318994,53.81371579,33.55681952,35.86666667,78.93929157,1.085907658,0.008395311,0.703430118,0.726200393,0,0.519575177,0.058186646,0.000344312,0.100911371,0.056610363,0,0.151281212,9.738424748,0.001274433,62.71717422,14.36082617,0,178.6627198,12715.40566,1.534682316,32429.93799,12270.2873,13500,71334.15161,20,0.221813681,34.08416999,20,20,55.496107
3,34.99672081,0.358317348,51.03242579,34.10524754,35.84033956,73.61611412,1.095668471,0.005878503,0.790863926,0.782905932,0.127235676,0.48244779,0.05564584,0.000377973,0.085098195,0.057846389,0.003681248,0.132554778,5.068065347,0.000628999,36.61546526,10.98599288,0.009832885,114.6039747,12990.1622,1.3660365,28492.60177,12543.614,13478.57636,60651.34297,20,0.209578504,30.5573382,20,20,50.42237431
3,35.25826721,0.476981278,76.28306922,34.6738652,35.81969828,106.7402027,1.312842863,0.008213839,1.456256322,1.072550128,0.235880883,0.959689415,0.054034386,0.000455674,0.120099958,0.056605669,0.006716998,0.218660655,3.383927534,0.001624448,85.00608639,7.464984082,0.031799654,306.011898,13126.97508,2.436049375,63738.4496,12834.70173,13462.1728,129639.2213,20,0.285341788,45.70176955,20,20,74.77304309
3,35.16174102,0.629838103,115.6122443,34.67034785,35.86658428,155.1286383,1.303876361,0.011025168,1.921996787,1.210177307,0.005729755,0.931040638,0.054666442,0.000743859,0.231785621,0.056956548,4.90E-05,0.368641153,4.125183988,0.002875225,282.819001,7.803563154,4.88E-07,965.509001,13080.1608,4.249601473,149367.4862,12843.15695,13499.91682,284593.1501,20,0.358997802,70.68017501,20,20,114.4262258
3,35.16393794,0.528522025,62.3845202,34.53157,35.86666445,92.19564269,1.202668531,0.008597608,0.72302612,0.963970369,0.000208247,0.585678586,0.053648491,0.000643515,0.106701463,0.056218562,1.62E-06,0.17477451,3.943067396,0.002239497,67.99367962,8.218667356,4.72E-10,226.9346687,13076.41226,3.001946684,43017.31322,12757.38081,13499.99763,96705.96559,20,0.340956694,38.85130349,20,20,64.86480231
3,35.01149985,0.452380794,48.04051927,34.32273695,35.86666667,75.59717677,1.021827215,0.007514726,0.686291426,0.715984411,0,0.513893021,0.050370381,0.000337536,0.06204821,0.050543898,0,0.107419417,4.633452023,0.001275614,23.7542267,8.494699005,0,79.71505467,12989.57951,2.188636185,24961.95575,12619.96643,13500,62570.87771,20,0.230692527,27.49544388,20,20,48.30729567
3,34.92887723,0.400531306,49.64627641,34.122399,35.85399843,76.63870887,1.106497293,0.007601,0.746129589,0.846308086,0.06180163,0.356845362,0.055779558,0.000325041,0.074972487,0.056819954,0.001767573,0.119479317,5.573602902,0.00053341,29.54868617,10.85177281,0.002239396,99.40523075,12957.34735,1.69919973,26795.0465,12552.01181,13489.61229,64892.52788,20,0.230186198,28.82344421,20,20,50.91944755
3,35.02473382,0.412162849,46.79418189,34.13656584,35.83694905,73.89029551,1.092931517,0.005714881,0.736838817,0.759653716,0.116186708,0.412209199,0.054743284,0.000444083,0.068382255,0.058174879,0.003744571,0.117046469,4.791906664,0.000706404,22.46812144,10.40081455,0.011105935,88.97857266,13001.985,1.80373151,23683.42461,12546.12682,13475.99956,60216.16549,20,0.239449693,28.16610886,20,20,48.9374548
3,34.94638829,0.444338728,49.10827822,34.16028179,35.84014274,76.56033756,0.977553995,0.00668174,0.672047361,0.688195395,0.117540311,0.365680966,0.054807179,0.00033953,0.068889759,0.056146193,0.003440024,0.114913319,5.199153523,0.000800819,26.56851339,10.07213167,0.008893173,103.5817045,12958.35388,2.096085067,26138.56156,12553.32509,13478.5098,64908.36668,20,0.241540455,28.82813122,20,20,51.01425965
3,35.29970915,0.76187049,118.8005497,34.76259414,35.86383945,164.1007017,1.345269828,0.008106741,1.640905575,1.184750402,0.052400785,1.567412388,0.053150826,0.000951015,0.216409686,0.058246652,0.000758425,0.370510854,3.109487879,0.004640022,278.8111177,7.119067423,0.000218022,1074.99652,13148.94103,6.234023978,157031.7604,12886.41348,13497.52771,318217.5107,20,0.460342899,71.18368336,20,20,118.4923007
3,35.03353468,0.541227643,60.94583455,34.36938666,35.84864556,95.40873227,1.072919022,0.005845779,0.986157553,0.838724936,0.076465163,1.184952698,0.052955283,0.000478108,0.099683542,0.053706679,0.002373647,0.15734295,4.681423798,0.001445607,63.11427591,8.867160434,0.004295049,229.6617635,13005.80375,3.119530388,41004.59539,12663.96024,13485.31942,103134.8257,20,0.303466949,37.10881633,20,20,66.00513284
3,34.80524385,0.261703397,42.72443821,33.84197886,35.79632859,54.87893041,1.00940382,0.007458202,0.636859642,0.672582852,0.225278158,0.291812935,0.058562636,0.000191598,0.062785458,0.060655161,0.007882485,0.097466884,6.389713991,0.000844682,24.3090294,12.39047241,0.056837736,66.25720607,12892.94858,0.746080315,19920.24897,12402.30848,13444.63429,33780.71758,20,0.133905474,24.69684362,19.99927378,20,36.89406996
3,34.64131814,0.215333333,40.73495526,33.59765566,35.76634575,51.97622657,1.052272862,0.00513179,0.592964241,0.725239484,0.288305468,0.245373951,0.061610682,0,0.067360304,0.062807109,0.010573031,0.095599166,7.94909975,0.00038135,23.66463518,14.57815431,0.108592109,65.39645596,12824.32093,0.49883313,18160.84976,12302.00982,13422.28436,30507.0711,20,0.106839286,24.10809723,19.99610365,20,35.99961284
3,34.81524619,0.246298943,40.56209042,33.85272434,35.8143179,57.01657682,0.944787886,0.007580175,0.577896115,0.657657524,0.183554471,0.360921045,0.049068389,-0.00020222,0.052026206,0.04867521,0.006086033,0.084338316,5.532697568,0.001193401,15.01809238,10.075071,0.03307151,35.48091859,12873.18634,0.67625563,17727.36965,12333.77582,13458.37745,35252.40763,19.88005383,0.1,22.82901482,19.56866824,20,35.99982402
3,35.17359315,0.344333333,59.80001898,34.50960774,35.78919294,78.23302553,1.16124234,0.007175582,1.026548462,1.001323853,0.351041233,1.05819004,0.052416178,0.000370381,0.100300823,0.057424001,0.01048073,0.159468828,3.793523895,0.000493836,52.79947741,8.607020867,0.081434424,165.497504,13079.30045,1.258844563,39194.30166,12753.76492,13438.81052,69683.73432,20,0.2,35.3420172,20,20,54.52477045
3,34.66800028,0.320108923,58.6585411,34.07565239,35.70998314,80.39693917,1.191925983,0.007330279,0.823802582,0.923454513,0.245724996,0.488784435,0.052405777,0.000252893,0.09655082,0.053475128,0.007964043,0.138494763,7.495327672,0.000816478,60.39703393,11.16386164,0.163678563,145.4042157,12833.742,1.100840024,38047.6382,12531.21374,13382.71761,72625.66611,20,0.166432498,35.20106662,20,20,55.05141134
